CallID,AgentID,TeamID,EnterpriseID,CallDate,CallSentiment,AgentEnthusiasm,Empathy,RudeBehaviour,IdentifiedCustomer,AccurateInfo,CallClarity
CALL0000,AGENT5,TEAM7,ENT001,2021-01-21 06:58:14.413438,-0.8,0.89,0.42,True,False,False,0.94
CALL0001,AGENT25,TEAM3,ENT001,2023-08-10 06:58:14.413438,-0.86,0.15,0.94,False,True,False,0.36
CALL0002,AGENT13,TEAM5,ENT001,2020-11-13 06:58:14.413438,0.39,0.76,0.87,True,False,False,0.62
CALL0003,AGENT3,TEAM5,ENT001,2023-07-01 06:58:14.413438,0.98,0.03,0.53,True,True,False,0.88
CALL0004,AGENT19,TEAM1,ENT001,2023-06-13 06:58:14.413438,-0.2,0.55,0.75,True,False,False,0.41
CALL0005,AGENT18,TEAM9,ENT001,2019-11-01 06:58:14.413438,0.07,0.0,0.12,False,False,True,0.41
CALL0006,AGENT29,TEAM10,ENT001,2021-02-19 06:58:14.413438,0.2,0.25,0.3,True,True,True,0.72
CALL0007,AGENT4,TEAM4,ENT001,2021-08-01 06:58:14.413438,0.48,0.46,0.37,True,True,False,0.27
CALL0008,AGENT21,TEAM1,ENT001,2021-01-17 06:58:14.413438,-0.75,0.22,0.64,False,True,False,0.34
CALL0009,AGENT38,TEAM9,ENT001,2021-12-20 06:58:14.413438,0.01,0.94,0.13,True,False,True,0.88
CALL0010,AGENT7,TEAM5,ENT001,2023-05-15 06:58:14.413438,-0.4,0.59,0.73,False,True,True,0.74
CALL0011,AGENT36,TEAM7,ENT001,2020-09-19 06:58:14.413438,0.74,0.38,0.86,True,True,True,0.07
CALL0012,AGENT18,TEAM7,ENT001,2020-05-17 06:58:14.413438,0.24,0.12,0.96,True,False,False,0.95
CALL0013,AGENT48,TEAM7,ENT001,2024-04-10 06:58:14.413438,0.6,0.62,0.36,False,True,False,0.58
CALL0014,AGENT21,TEAM5,ENT001,2020-03-27 06:58:14.413438,0.95,0.81,0.35,True,True,True,0.13
CALL0015,AGENT49,TEAM7,ENT001,2021-01-21 06:58:14.413438,-0.22,0.38,0.49,True,True,False,0.91
CALL0016,AGENT18,TEAM10,ENT001,2022-01-17 06:58:14.413438,0.26,0.73,0.18,True,True,False,0.4
CALL0017,AGENT28,TEAM8,ENT001,2019-09-16 06:58:14.413438,-0.68,0.42,0.91,False,True,False,0.71
CALL0018,AGENT38,TEAM4,ENT001,2020-12-21 06:58:14.413438,-0.51,0.1,0.49,True,False,False,0.99
CALL0019,AGENT41,TEAM3,ENT001,2024-01-04 06:58:14.413438,-0.21,0.22,0.19,True,False,False,0.95
CALL0020,AGENT6,TEAM5,ENT001,2022-02-07 06:58:14.413438,0.53,0.92,0.45,True,True,True,0.55
CALL0021,AGENT14,TEAM8,ENT001,2021-01-20 06:58:14.413438,0.29,0.31,0.92,False,True,True,0.3
CALL0022,AGENT50,TEAM6,ENT001,2022-07-21 06:58:14.413438,0.06,0.27,0.87,False,False,False,0.89
CALL0023,AGENT45,TEAM5,ENT001,2023-11-23 06:58:14.413438,0.82,0.53,0.11,True,True,False,0.69
CALL0024,AGENT29,TEAM7,ENT001,2022-12-06 06:58:14.413438,-0.18,0.45,0.57,False,False,False,0.08
CALL0025,AGENT47,TEAM3,ENT001,2021-03-26 06:58:14.413438,0.26,0.57,0.9,True,False,True,0.13
CALL0026,AGENT50,TEAM6,ENT001,2020-08-15 06:58:14.413438,-0.38,0.99,0.99,False,False,True,0.64
CALL0027,AGENT30,TEAM8,ENT001,2020-01-25 06:58:14.413438,-0.77,0.6,0.72,True,False,True,0.54
CALL0028,AGENT7,TEAM9,ENT001,2021-12-06 06:58:14.413438,0.06,0.38,0.47,False,False,False,0.77
CALL0029,AGENT47,TEAM2,ENT001,2021-06-23 06:58:14.413438,0.18,0.72,0.62,True,False,True,0.7
CALL0030,AGENT42,TEAM9,ENT001,2019-07-10 06:58:14.413438,0.59,0.8,0.29,False,True,True,0.73
CALL0031,AGENT16,TEAM4,ENT001,2020-01-07 06:58:14.413438,0.1,0.14,0.2,False,False,False,0.38
CALL0032,AGENT49,TEAM3,ENT001,2024-05-18 06:58:14.413438,-0.47,0.2,0.29,True,True,True,0.4
CALL0033,AGENT16,TEAM3,ENT001,2024-03-03 06:58:14.413438,-0.06,0.3,0.33,True,False,True,0.82
CALL0034,AGENT14,TEAM3,ENT001,2023-05-23 06:58:14.413438,0.62,0.68,0.23,False,True,False,0.27
CALL0035,AGENT37,TEAM2,ENT001,2020-06-09 06:58:14.413438,0.08,0.41,0.55,False,False,False,0.77
CALL0036,AGENT27,TEAM4,ENT001,2020-10-13 06:58:14.413438,0.69,0.1,0.3,True,False,False,0.49
CALL0037,AGENT21,TEAM2,ENT001,2021-10-22 06:58:14.413438,0.49,0.84,0.1,False,True,False,0.69
CALL0038,AGENT16,TEAM8,ENT001,2019-08-01 06:58:14.413438,-0.89,0.07,0.21,False,False,False,0.03
CALL0039,AGENT28,TEAM10,ENT001,2019-08-02 06:58:14.413438,0.11,0.4,0.31,True,True,True,0.14
CALL0040,AGENT41,TEAM4,ENT001,2023-10-03 06:58:14.413438,0.03,0.88,0.46,True,True,True,0.26
CALL0041,AGENT34,TEAM9,ENT001,2021-03-21 06:58:14.413438,0.97,0.81,0.42,False,True,False,0.75
CALL0042,AGENT38,TEAM3,ENT001,2021-10-20 06:58:14.413438,0.33,0.62,0.01,False,False,True,0.18
CALL0043,AGENT5,TEAM1,ENT001,2021-11-09 06:58:14.413438,-0.13,0.32,0.16,False,True,True,0.21
CALL0044,AGENT40,TEAM9,ENT001,2023-10-25 06:58:14.413438,-0.2,0.59,0.79,True,False,True,0.09
CALL0045,AGENT29,TEAM4,ENT001,2021-08-13 06:58:14.413438,0.36,0.32,0.55,True,True,True,0.32
CALL0046,AGENT10,TEAM2,ENT001,2022-01-10 06:58:14.413438,-0.67,0.96,0.08,True,True,False,0.92
CALL0047,AGENT31,TEAM7,ENT001,2024-05-03 06:58:14.413438,0.22,0.21,0.87,False,True,False,0.6
CALL0048,AGENT22,TEAM1,ENT001,2021-11-08 06:58:14.413438,0.64,0.97,0.47,True,False,False,0.13
CALL0049,AGENT12,TEAM9,ENT001,2023-02-15 06:58:14.413438,-0.52,0.85,0.72,True,True,True,0.71
CALL0050,AGENT5,TEAM10,ENT001,2023-03-29 06:58:14.413438,0.55,0.34,0.51,False,True,True,0.07
CALL0051,AGENT24,TEAM7,ENT001,2021-09-02 06:58:14.413438,-0.64,0.58,0.18,True,False,False,0.77
CALL0052,AGENT11,TEAM3,ENT001,2023-05-28 06:58:14.413438,-0.75,0.9,0.25,False,False,True,0.47
CALL0053,AGENT27,TEAM8,ENT001,2024-03-08 06:58:14.413438,-0.99,0.05,0.68,False,True,True,0.72
CALL0054,AGENT34,TEAM3,ENT001,2022-03-29 06:58:14.413438,-0.7,0.84,0.55,True,True,False,0.64
CALL0055,AGENT39,TEAM10,ENT001,2022-06-12 06:58:14.413438,0.8,0.39,0.33,True,True,True,0.61
CALL0056,AGENT17,TEAM5,ENT001,2020-10-08 06:58:14.413438,0.63,0.88,0.56,True,False,True,0.28
CALL0057,AGENT49,TEAM4,ENT001,2021-05-13 06:58:14.413438,0.3,0.32,0.54,False,True,True,0.23
CALL0058,AGENT7,TEAM2,ENT001,2021-04-26 06:58:14.413438,-0.28,0.98,0.58,True,True,False,0.68
CALL0059,AGENT16,TEAM2,ENT001,2020-07-10 06:58:14.413438,-0.61,0.52,0.07,False,True,False,0.71
CALL0060,AGENT10,TEAM2,ENT001,2019-08-23 06:58:14.413438,-0.81,0.74,0.25,True,False,True,0.03
CALL0061,AGENT29,TEAM2,ENT001,2020-07-03 06:58:14.413438,-0.17,0.98,0.96,False,False,False,0.15
CALL0062,AGENT33,TEAM2,ENT001,2023-11-17 06:58:14.413438,0.72,0.92,0.76,False,False,False,0.45
CALL0063,AGENT21,TEAM5,ENT001,2020-04-11 06:58:14.413438,-0.75,0.45,0.47,True,False,False,0.42
CALL0064,AGENT23,TEAM2,ENT001,2022-05-25 06:58:14.413438,-0.06,0.88,0.52,False,False,False,0.97
CALL0065,AGENT22,TEAM3,ENT001,2024-04-25 06:58:14.413438,0.91,0.76,0.82,False,False,False,0.85
CALL0066,AGENT17,TEAM6,ENT001,2020-12-07 06:58:14.413438,-0.78,0.21,0.91,False,False,False,0.79
CALL0067,AGENT8,TEAM7,ENT001,2020-11-04 06:58:14.413438,0.66,0.92,0.77,True,False,True,0.59
CALL0068,AGENT23,TEAM1,ENT001,2024-05-19 06:58:14.413438,0.57,0.29,0.96,False,True,True,0.29
CALL0069,AGENT18,TEAM10,ENT001,2022-07-01 06:58:14.413438,-0.6,0.53,0.27,False,False,True,0.46
CALL0070,AGENT36,TEAM5,ENT001,2021-09-07 06:58:14.413438,0.46,0.1,0.14,True,True,False,0.17
CALL0071,AGENT35,TEAM5,ENT001,2020-07-19 06:58:14.413438,-0.58,0.67,0.91,False,False,False,0.63
CALL0072,AGENT45,TEAM4,ENT001,2020-03-17 06:58:14.413438,0.57,0.64,0.23,False,False,True,0.11
CALL0073,AGENT21,TEAM3,ENT001,2021-11-23 06:58:14.413438,0.92,0.47,0.62,False,False,True,0.41
CALL0074,AGENT24,TEAM7,ENT001,2021-11-29 06:58:14.413438,-0.6,0.11,0.52,False,True,False,0.41
CALL0075,AGENT48,TEAM3,ENT001,2020-09-10 06:58:14.413438,-0.21,0.17,0.55,True,True,False,0.36
CALL0076,AGENT12,TEAM2,ENT001,2021-05-12 06:58:14.413438,0.23,0.1,0.49,False,True,True,0.59
CALL0077,AGENT33,TEAM7,ENT001,2023-06-12 06:58:14.413438,0.44,0.93,0.95,True,False,True,0.91
CALL0078,AGENT46,TEAM5,ENT001,2022-08-10 06:58:14.413438,-0.47,0.04,0.93,False,True,True,0.17
CALL0079,AGENT15,TEAM1,ENT001,2019-09-12 06:58:14.413438,0.09,0.78,0.48,True,True,True,0.33
CALL0080,AGENT7,TEAM6,ENT001,2019-11-16 06:58:14.413438,0.12,0.18,0.07,False,True,True,0.54
CALL0081,AGENT12,TEAM8,ENT001,2022-12-24 06:58:14.413438,-0.52,0.97,0.38,False,False,True,0.27
CALL0082,AGENT12,TEAM1,ENT001,2023-01-14 06:58:14.413438,-0.25,0.96,0.78,True,False,False,0.85
CALL0083,AGENT2,TEAM4,ENT001,2021-02-01 06:58:14.413438,-0.46,0.25,0.33,True,True,True,0.39
CALL0084,AGENT11,TEAM7,ENT001,2021-04-06 06:58:14.413438,-0.78,0.97,0.66,True,False,True,0.55
CALL0085,AGENT34,TEAM9,ENT001,2022-11-17 06:58:14.413438,-0.58,0.19,0.86,False,True,True,0.05
CALL0086,AGENT43,TEAM6,ENT001,2023-11-22 06:58:14.413438,0.19,0.74,0.73,True,True,False,0.49
CALL0087,AGENT50,TEAM3,ENT001,2022-09-10 06:58:14.413438,-0.32,1.0,0.49,True,True,True,0.37
CALL0088,AGENT5,TEAM9,ENT001,2019-11-22 06:58:14.413438,-0.43,0.62,0.82,False,True,True,0.61
CALL0089,AGENT42,TEAM6,ENT001,2024-01-04 06:58:14.413438,0.37,0.23,0.56,True,False,False,0.16
CALL0090,AGENT4,TEAM2,ENT001,2021-10-01 06:58:14.413438,-0.9,0.74,0.72,True,False,False,0.64
CALL0091,AGENT36,TEAM5,ENT001,2022-04-19 06:58:14.413438,0.58,0.28,0.87,True,True,True,0.24
CALL0092,AGENT34,TEAM8,ENT001,2022-08-29 06:58:14.413438,0.11,0.09,0.86,False,False,False,0.12
CALL0093,AGENT31,TEAM7,ENT001,2020-04-21 06:58:14.413438,0.94,0.78,0.01,False,True,False,0.56
CALL0094,AGENT46,TEAM7,ENT001,2019-10-31 06:58:14.413438,0.14,0.06,0.26,True,False,False,0.18
CALL0095,AGENT16,TEAM10,ENT001,2024-03-22 06:58:14.413438,0.39,0.22,0.74,True,False,True,0.45
CALL0096,AGENT47,TEAM1,ENT001,2023-01-04 06:58:14.413438,0.96,0.25,0.2,True,True,True,0.5
CALL0097,AGENT44,TEAM10,ENT001,2022-07-04 06:58:14.413438,-0.02,0.86,0.81,False,False,True,0.07
CALL0098,AGENT29,TEAM7,ENT001,2020-02-07 06:58:14.413438,-0.46,0.09,0.81,True,False,True,0.78
CALL0099,AGENT6,TEAM4,ENT001,2021-11-13 06:58:14.413438,0.04,0.61,0.24,False,False,False,0.62
CALL0100,AGENT33,TEAM1,ENT001,2019-06-17 06:58:14.413438,0.32,0.87,0.32,True,True,False,0.22
CALL0101,AGENT24,TEAM6,ENT001,2020-04-23 06:58:14.413438,-0.48,0.94,0.07,False,False,False,0.32
CALL0102,AGENT38,TEAM5,ENT001,2021-11-10 06:58:14.413438,-0.71,0.4,0.5,True,False,True,0.27
CALL0103,AGENT34,TEAM4,ENT001,2019-06-10 06:58:14.413438,-0.86,0.45,0.25,False,True,False,0.85
CALL0104,AGENT2,TEAM8,ENT001,2022-07-02 06:58:14.413438,0.17,0.5,0.54,False,False,True,0.08
CALL0105,AGENT35,TEAM1,ENT001,2022-11-17 06:58:14.413438,0.15,0.54,0.06,True,False,False,0.9
CALL0106,AGENT6,TEAM7,ENT001,2021-07-27 06:58:14.413438,-0.87,0.66,0.22,False,False,False,0.32
CALL0107,AGENT42,TEAM4,ENT001,2022-03-08 06:58:14.413438,-0.09,0.04,0.98,False,False,False,0.1
CALL0108,AGENT20,TEAM4,ENT001,2024-04-03 06:58:14.413438,-0.88,0.74,0.69,True,True,True,0.89
CALL0109,AGENT13,TEAM7,ENT001,2021-11-18 06:58:14.413438,0.29,0.59,0.34,False,False,True,0.5
CALL0110,AGENT7,TEAM7,ENT001,2020-03-23 06:58:14.413438,0.63,0.14,0.19,False,True,False,0.68
CALL0111,AGENT13,TEAM10,ENT001,2020-02-23 06:58:14.413438,-0.39,0.82,0.86,False,True,True,0.21
CALL0112,AGENT9,TEAM3,ENT001,2022-01-06 06:58:14.413438,0.39,0.73,0.47,True,False,True,0.93
CALL0113,AGENT2,TEAM6,ENT001,2023-06-04 06:58:14.413438,0.42,0.67,0.67,False,False,True,0.6
CALL0114,AGENT5,TEAM2,ENT001,2024-02-09 06:58:14.413438,-0.85,0.7,0.38,True,True,True,0.7
CALL0115,AGENT17,TEAM1,ENT001,2023-02-08 06:58:14.413438,0.06,0.06,0.51,True,True,True,0.83
CALL0116,AGENT4,TEAM4,ENT001,2022-01-20 06:58:14.413438,-0.85,0.97,0.23,True,True,True,0.97
CALL0117,AGENT25,TEAM3,ENT001,2022-09-29 06:58:14.413438,-0.45,0.94,0.31,True,True,True,0.34
CALL0118,AGENT35,TEAM2,ENT001,2022-10-30 06:58:14.413438,-0.75,0.93,0.55,False,True,False,0.37
CALL0119,AGENT9,TEAM4,ENT001,2020-05-09 06:58:14.413438,-0.19,0.2,0.91,True,False,False,0.7
CALL0120,AGENT16,TEAM8,ENT001,2021-03-18 06:58:14.413438,-0.64,0.91,0.04,True,False,True,0.31
CALL0121,AGENT47,TEAM2,ENT001,2024-02-04 06:58:14.413438,0.44,0.86,0.74,True,False,True,0.54
CALL0122,AGENT40,TEAM7,ENT001,2023-01-14 06:58:14.413438,0.21,0.31,0.95,False,False,True,0.43
CALL0123,AGENT28,TEAM6,ENT001,2023-01-31 06:58:14.413438,0.92,0.2,0.99,True,True,False,0.38
CALL0124,AGENT8,TEAM7,ENT001,2022-01-27 06:58:14.413438,-0.75,0.9,0.18,False,True,True,0.12
CALL0125,AGENT11,TEAM10,ENT001,2022-09-03 06:58:14.413438,0.84,0.67,0.77,False,False,True,0.39
CALL0126,AGENT23,TEAM6,ENT001,2023-07-15 06:58:14.413438,-0.32,0.31,0.19,False,False,False,0.43
CALL0127,AGENT44,TEAM3,ENT001,2019-09-11 06:58:14.413438,-0.06,0.82,0.23,False,False,False,0.84
CALL0128,AGENT29,TEAM1,ENT001,2021-07-17 06:58:14.413438,-0.97,0.43,0.38,True,False,True,0.58
CALL0129,AGENT7,TEAM6,ENT001,2023-08-29 06:58:14.413438,0.62,0.58,0.07,True,True,False,0.34
CALL0130,AGENT29,TEAM9,ENT001,2020-09-29 06:58:14.413438,-0.35,0.01,0.96,False,False,True,0.87
CALL0131,AGENT49,TEAM5,ENT001,2019-12-18 06:58:14.413438,-0.55,0.99,0.43,False,True,True,0.17
CALL0132,AGENT3,TEAM7,ENT001,2019-08-28 06:58:14.413438,0.55,0.96,0.98,True,False,True,0.14
CALL0133,AGENT12,TEAM2,ENT001,2020-04-05 06:58:14.413438,0.95,0.49,0.55,False,False,False,0.3
CALL0134,AGENT1,TEAM5,ENT001,2019-08-10 06:58:14.413438,0.34,0.44,0.94,False,False,False,0.97
CALL0135,AGENT31,TEAM5,ENT001,2023-04-08 06:58:14.413438,0.36,0.01,0.02,True,False,True,0.74
CALL0136,AGENT7,TEAM1,ENT001,2021-12-26 06:58:14.413438,0.2,0.64,0.96,False,False,False,0.85
CALL0137,AGENT23,TEAM3,ENT001,2021-06-11 06:58:14.413438,0.21,0.83,0.46,False,False,True,0.43
CALL0138,AGENT10,TEAM4,ENT001,2024-03-30 06:58:14.413438,0.38,0.67,0.76,False,False,True,0.31
CALL0139,AGENT25,TEAM10,ENT001,2023-08-19 06:58:14.413438,-0.59,0.37,0.25,False,True,False,0.09
CALL0140,AGENT18,TEAM2,ENT001,2022-07-17 06:58:14.413438,-0.43,0.16,0.09,True,False,False,0.86
CALL0141,AGENT34,TEAM7,ENT001,2021-08-26 06:58:14.413438,-0.03,0.28,0.15,False,True,False,0.55
CALL0142,AGENT46,TEAM1,ENT001,2019-09-30 06:58:14.413438,0.05,0.01,0.24,False,False,True,0.96
CALL0143,AGENT21,TEAM6,ENT001,2020-08-14 06:58:14.413438,-0.92,0.13,0.7,False,False,True,0.12
CALL0144,AGENT41,TEAM4,ENT001,2020-10-12 06:58:14.413438,-0.83,0.55,0.14,True,True,True,0.36
CALL0145,AGENT10,TEAM9,ENT001,2021-05-04 06:58:14.413438,-0.56,0.88,0.47,False,False,False,0.5
CALL0146,AGENT15,TEAM10,ENT001,2021-06-28 06:58:14.413438,0.53,0.12,0.61,True,True,True,0.12
CALL0147,AGENT4,TEAM6,ENT001,2020-07-25 06:58:14.413438,0.98,0.69,0.67,False,False,True,0.09
CALL0148,AGENT29,TEAM4,ENT001,2021-07-19 06:58:14.413438,0.59,0.61,0.05,False,True,True,0.3
CALL0149,AGENT21,TEAM4,ENT001,2021-04-29 06:58:14.413438,0.16,0.15,0.98,False,True,True,0.06
CALL0150,AGENT47,TEAM9,ENT001,2019-10-17 06:58:14.413438,-0.98,0.58,0.79,False,True,True,0.18
CALL0151,AGENT26,TEAM2,ENT001,2023-02-19 06:58:14.413438,-0.49,0.21,0.39,True,True,False,0.49
CALL0152,AGENT1,TEAM9,ENT001,2023-06-08 06:58:14.413438,-0.93,0.72,0.9,False,False,False,0.28
CALL0153,AGENT18,TEAM3,ENT001,2022-12-15 06:58:14.413438,-0.64,0.36,0.86,True,False,True,0.66
CALL0154,AGENT42,TEAM9,ENT001,2020-12-19 06:58:14.413438,-0.07,0.16,0.25,False,False,False,0.04
CALL0155,AGENT30,TEAM1,ENT001,2023-10-02 06:58:14.413438,-0.09,0.51,0.33,True,True,True,0.02
CALL0156,AGENT20,TEAM10,ENT001,2022-09-13 06:58:14.413438,-0.48,0.28,0.7,False,False,False,0.61
CALL0157,AGENT24,TEAM5,ENT001,2023-01-01 06:58:14.413438,0.2,0.18,0.52,True,False,True,0.48
CALL0158,AGENT33,TEAM1,ENT001,2019-12-05 06:58:14.413438,0.32,0.49,0.55,False,False,True,0.72
CALL0159,AGENT9,TEAM5,ENT001,2021-04-16 06:58:14.413438,0.53,0.54,0.02,False,True,False,0.23
CALL0160,AGENT11,TEAM1,ENT001,2023-05-03 06:58:14.413438,-0.37,0.81,0.19,True,True,False,0.17
CALL0161,AGENT13,TEAM4,ENT001,2020-12-25 06:58:14.413438,-0.19,0.37,0.98,True,True,True,0.45
CALL0162,AGENT8,TEAM3,ENT001,2020-05-04 06:58:14.413438,-0.86,0.89,0.9,True,True,False,0.83
CALL0163,AGENT47,TEAM4,ENT001,2023-02-25 06:58:14.413438,-0.74,0.97,0.28,False,True,False,0.99
CALL0164,AGENT10,TEAM5,ENT001,2020-09-14 06:58:14.413438,0.31,0.28,0.51,False,False,True,0.92
CALL0165,AGENT6,TEAM2,ENT001,2023-08-08 06:58:14.413438,-0.74,0.41,0.39,False,False,True,0.27
CALL0166,AGENT8,TEAM1,ENT001,2023-08-21 06:58:14.413438,-0.23,0.85,0.7,True,False,False,0.55
CALL0167,AGENT30,TEAM7,ENT001,2022-08-07 06:58:14.413438,-0.95,0.09,0.59,True,False,True,1.0
CALL0168,AGENT13,TEAM7,ENT001,2020-04-12 06:58:14.413438,-0.42,0.64,0.51,True,True,True,0.83
CALL0169,AGENT45,TEAM6,ENT001,2023-03-09 06:58:14.413438,0.41,0.09,0.9,True,True,False,0.18
CALL0170,AGENT26,TEAM7,ENT001,2020-06-13 06:58:14.413438,-0.61,0.91,0.53,True,True,False,0.4
CALL0171,AGENT9,TEAM6,ENT001,2024-02-05 06:58:14.413438,-0.24,0.62,0.14,False,False,True,0.68
CALL0172,AGENT43,TEAM9,ENT001,2022-09-20 06:58:14.413438,-0.13,0.35,0.09,True,True,False,0.5
CALL0173,AGENT44,TEAM3,ENT001,2022-01-26 06:58:14.413438,0.58,0.72,0.39,True,False,True,0.39
CALL0174,AGENT18,TEAM8,ENT001,2020-02-12 06:58:14.413438,0.79,0.81,0.37,False,False,True,0.63
CALL0175,AGENT33,TEAM10,ENT001,2021-07-31 06:58:14.413438,-0.46,0.31,0.36,True,True,False,0.87
CALL0176,AGENT43,TEAM4,ENT001,2021-02-03 06:58:14.413438,-0.81,0.34,0.98,True,True,False,0.05
CALL0177,AGENT4,TEAM2,ENT001,2023-09-20 06:58:14.413438,-0.98,0.83,0.99,True,False,False,0.34
CALL0178,AGENT41,TEAM10,ENT001,2019-09-07 06:58:14.413438,0.19,0.34,0.61,False,False,True,0.1
CALL0179,AGENT8,TEAM4,ENT001,2023-12-28 06:58:14.413438,-0.49,0.79,0.82,False,False,False,0.23
CALL0180,AGENT13,TEAM4,ENT001,2023-06-02 06:58:14.413438,0.36,0.57,0.44,True,False,False,0.74
CALL0181,AGENT50,TEAM8,ENT001,2020-07-11 06:58:14.413438,0.19,0.02,0.07,True,False,True,0.99
CALL0182,AGENT42,TEAM7,ENT001,2022-03-10 06:58:14.413438,-0.01,0.45,0.96,False,False,False,0.37
CALL0183,AGENT33,TEAM2,ENT001,2022-03-04 06:58:14.413438,-0.13,0.72,0.39,False,False,True,0.71
CALL0184,AGENT30,TEAM3,ENT001,2021-04-11 06:58:14.413438,-0.39,0.78,0.12,False,True,True,0.22
CALL0185,AGENT17,TEAM9,ENT001,2019-12-13 06:58:14.413438,0.71,0.22,0.77,False,True,True,0.58
CALL0186,AGENT23,TEAM8,ENT001,2024-04-04 06:58:14.413438,-0.66,0.43,0.51,False,False,False,0.95
CALL0187,AGENT37,TEAM9,ENT001,2022-09-07 06:58:14.413438,0.77,0.77,0.92,True,True,False,0.5
CALL0188,AGENT1,TEAM5,ENT001,2022-05-05 06:58:14.413438,-0.06,0.68,0.14,False,True,True,0.65
CALL0189,AGENT11,TEAM4,ENT001,2023-06-03 06:58:14.413438,-0.01,0.55,0.36,True,True,False,0.15
CALL0190,AGENT35,TEAM4,ENT001,2021-04-26 06:58:14.413438,-0.04,0.1,0.8,False,False,True,0.22
CALL0191,AGENT40,TEAM7,ENT001,2023-10-10 06:58:14.413438,0.6,0.7,0.61,True,False,False,0.45
CALL0192,AGENT48,TEAM3,ENT001,2023-04-30 06:58:14.413438,0.31,0.41,0.03,True,True,True,0.42
CALL0193,AGENT48,TEAM7,ENT001,2019-08-04 06:58:14.413438,-0.53,0.3,0.5,True,True,False,0.28
CALL0194,AGENT13,TEAM8,ENT001,2024-03-30 06:58:14.413438,0.36,0.25,0.79,True,True,True,0.1
CALL0195,AGENT4,TEAM8,ENT001,2022-01-07 06:58:14.413438,0.08,0.45,0.85,True,True,True,0.38
CALL0196,AGENT10,TEAM6,ENT001,2020-07-26 06:58:14.413438,-0.27,0.13,0.82,False,True,False,0.89
CALL0197,AGENT35,TEAM4,ENT001,2022-07-17 06:58:14.413438,0.57,0.09,0.8,True,False,False,0.05
CALL0198,AGENT48,TEAM1,ENT001,2022-03-27 06:58:14.413438,0.43,0.1,0.76,False,True,True,0.05
CALL0199,AGENT29,TEAM8,ENT001,2020-06-22 06:58:14.413438,0.69,0.06,0.96,False,False,True,0.34
CALL0200,AGENT36,TEAM4,ENT001,2024-03-05 06:58:14.413438,-0.05,0.85,0.95,True,False,False,0.29
CALL0201,AGENT46,TEAM1,ENT001,2019-11-13 06:58:14.413438,-0.64,0.99,0.72,False,True,True,0.53
CALL0202,AGENT2,TEAM1,ENT001,2020-10-19 06:58:14.413438,0.29,0.59,0.11,True,False,False,0.18
CALL0203,AGENT26,TEAM6,ENT001,2023-09-02 06:58:14.413438,0.95,0.08,0.78,False,False,True,0.56
CALL0204,AGENT3,TEAM5,ENT001,2024-02-28 06:58:14.413438,-0.04,0.07,0.03,False,False,True,0.87
CALL0205,AGENT7,TEAM3,ENT001,2020-04-05 06:58:14.413438,-0.86,0.07,0.82,False,False,False,0.77
CALL0206,AGENT1,TEAM2,ENT001,2020-10-15 06:58:14.413438,-0.13,0.81,0.44,False,True,False,0.69
CALL0207,AGENT22,TEAM2,ENT001,2022-08-26 06:58:14.413438,0.2,0.85,0.56,False,False,True,0.98
CALL0208,AGENT36,TEAM10,ENT001,2022-01-15 06:58:14.413438,-0.22,0.51,0.82,False,True,True,0.13
CALL0209,AGENT16,TEAM6,ENT001,2022-05-15 06:58:14.413438,0.88,0.86,0.7,True,True,False,0.99
CALL0210,AGENT33,TEAM4,ENT001,2021-11-25 06:58:14.413438,0.4,0.13,0.87,True,True,True,0.1
CALL0211,AGENT21,TEAM4,ENT001,2022-09-02 06:58:14.413438,0.19,0.82,0.77,True,True,True,0.44
CALL0212,AGENT10,TEAM7,ENT001,2020-11-02 06:58:14.413438,-0.01,0.04,0.49,False,False,True,0.53
CALL0213,AGENT29,TEAM9,ENT001,2023-04-05 06:58:14.413438,0.7,0.01,0.69,False,False,False,0.08
CALL0214,AGENT28,TEAM3,ENT001,2020-07-06 06:58:14.413438,-0.71,0.98,0.32,True,False,True,0.96
CALL0215,AGENT4,TEAM1,ENT001,2023-11-14 06:58:14.413438,-0.85,0.8,0.69,False,True,False,0.49
CALL0216,AGENT38,TEAM1,ENT001,2019-07-14 06:58:14.413438,-0.6,0.24,0.02,False,True,True,0.26
CALL0217,AGENT11,TEAM1,ENT001,2020-01-02 06:58:14.413438,-0.33,0.31,0.87,False,False,False,0.19
CALL0218,AGENT42,TEAM9,ENT001,2023-04-09 06:58:14.413438,-0.83,0.57,0.4,False,False,True,0.99
CALL0219,AGENT13,TEAM7,ENT001,2022-07-30 06:58:14.413438,-0.25,0.16,0.15,True,False,True,0.0
CALL0220,AGENT22,TEAM3,ENT001,2023-09-03 06:58:14.413438,-0.2,0.3,0.97,True,False,False,0.7
CALL0221,AGENT47,TEAM5,ENT001,2022-11-27 06:58:14.413438,-0.46,0.05,0.77,True,False,True,0.14
CALL0222,AGENT48,TEAM6,ENT001,2023-03-29 06:58:14.413438,-0.71,0.24,0.73,False,True,True,0.7
CALL0223,AGENT20,TEAM6,ENT001,2023-05-25 06:58:14.413438,-0.95,0.19,0.42,False,False,False,0.66
CALL0224,AGENT50,TEAM3,ENT001,2022-09-05 06:58:14.413438,-0.42,0.3,0.32,False,True,True,0.75
CALL0225,AGENT13,TEAM10,ENT001,2024-05-17 06:58:14.413438,0.16,0.33,0.98,True,False,True,0.86
CALL0226,AGENT49,TEAM9,ENT001,2023-05-22 06:58:14.413438,0.83,0.48,0.66,False,False,False,0.7
CALL0227,AGENT2,TEAM8,ENT001,2019-05-29 06:58:14.413438,-0.9,0.57,0.78,False,False,True,0.33
CALL0228,AGENT35,TEAM5,ENT001,2022-10-10 06:58:14.413438,0.51,0.22,0.93,True,True,True,0.96
CALL0229,AGENT9,TEAM1,ENT001,2023-06-09 06:58:14.413438,-0.31,0.2,0.69,True,False,True,0.37
CALL0230,AGENT47,TEAM4,ENT001,2022-07-15 06:58:14.413438,-0.17,0.11,0.13,True,False,False,0.49
CALL0231,AGENT19,TEAM8,ENT001,2020-12-24 06:58:14.413438,0.27,0.32,0.93,True,True,False,0.66
CALL0232,AGENT46,TEAM8,ENT001,2021-01-11 06:58:14.413438,0.12,0.26,0.23,True,True,True,0.84
CALL0233,AGENT21,TEAM7,ENT001,2022-12-31 06:58:14.413438,-0.31,0.91,0.79,False,True,False,0.67
CALL0234,AGENT44,TEAM1,ENT001,2023-02-01 06:58:14.413438,0.28,0.88,0.58,True,False,False,0.65
CALL0235,AGENT34,TEAM9,ENT001,2020-03-15 06:58:14.413438,-0.9,0.16,0.42,True,False,False,0.44
CALL0236,AGENT13,TEAM7,ENT001,2020-07-19 06:58:14.413438,0.74,0.04,0.62,False,False,False,0.85
CALL0237,AGENT47,TEAM5,ENT001,2022-06-28 06:58:14.413438,0.06,0.93,0.88,False,False,False,0.29
CALL0238,AGENT49,TEAM7,ENT001,2020-01-05 06:58:14.413438,0.86,0.86,0.33,False,False,False,0.13
CALL0239,AGENT50,TEAM4,ENT001,2021-06-07 06:58:14.413438,-0.87,0.66,0.1,False,True,True,0.51
CALL0240,AGENT30,TEAM1,ENT001,2024-01-13 06:58:14.413438,0.11,0.08,0.58,False,False,False,0.99
CALL0241,AGENT7,TEAM8,ENT001,2022-12-10 06:58:14.413438,-0.86,0.29,0.02,False,False,False,0.95
CALL0242,AGENT34,TEAM9,ENT001,2020-06-16 06:58:14.413438,-0.38,0.09,0.73,False,False,True,0.48
CALL0243,AGENT24,TEAM10,ENT001,2022-06-27 06:58:14.413438,0.67,0.17,0.06,True,True,True,0.19
CALL0244,AGENT30,TEAM3,ENT001,2022-08-11 06:58:14.413438,0.96,0.25,0.55,False,True,False,0.16
CALL0245,AGENT9,TEAM10,ENT001,2021-09-23 06:58:14.413438,0.15,0.64,0.02,False,True,False,0.89
CALL0246,AGENT41,TEAM1,ENT001,2019-11-23 06:58:14.413438,-0.74,0.94,0.81,False,False,False,0.77
CALL0247,AGENT35,TEAM7,ENT001,2020-08-13 06:58:14.413438,0.46,0.05,0.9,False,True,False,0.78
CALL0248,AGENT11,TEAM10,ENT001,2023-07-12 06:58:14.413438,-0.54,0.54,0.07,False,True,False,0.07
CALL0249,AGENT21,TEAM5,ENT001,2020-02-16 06:58:14.413438,0.61,0.62,0.01,False,True,True,0.84
CALL0250,AGENT2,TEAM7,ENT001,2020-08-03 06:58:14.413438,-0.5,0.52,0.2,False,False,True,0.71
CALL0251,AGENT21,TEAM4,ENT001,2020-05-18 06:58:14.413438,-0.89,0.88,0.57,True,True,True,0.09
CALL0252,AGENT26,TEAM5,ENT001,2019-12-12 06:58:14.413438,-0.21,0.31,0.39,False,True,False,0.81
CALL0253,AGENT32,TEAM5,ENT001,2022-01-17 06:58:14.413438,0.32,0.9,0.66,False,True,True,0.01
CALL0254,AGENT35,TEAM5,ENT001,2019-05-29 06:58:14.413438,0.06,0.96,0.83,False,True,True,0.21
CALL0255,AGENT18,TEAM1,ENT001,2021-08-15 06:58:14.413438,0.25,0.4,0.95,False,False,True,0.78
CALL0256,AGENT45,TEAM4,ENT001,2020-07-29 06:58:14.413438,0.12,0.84,0.34,False,False,False,0.01
CALL0257,AGENT47,TEAM1,ENT001,2022-07-18 06:58:14.413438,-0.39,0.71,0.9,True,False,False,0.31
CALL0258,AGENT5,TEAM6,ENT001,2023-11-19 06:58:14.413438,-0.02,0.18,0.84,True,False,False,0.99
CALL0259,AGENT47,TEAM4,ENT001,2022-11-19 06:58:14.413438,-0.97,0.32,0.65,True,True,False,0.32
CALL0260,AGENT18,TEAM4,ENT001,2019-12-13 06:58:14.413438,-0.94,0.99,0.64,False,True,True,0.08
CALL0261,AGENT42,TEAM2,ENT001,2021-02-01 06:58:14.413438,0.48,0.01,0.96,False,True,False,0.91
CALL0262,AGENT2,TEAM4,ENT001,2019-12-01 06:58:14.413438,0.5,0.62,0.14,False,False,True,0.26
CALL0263,AGENT16,TEAM4,ENT001,2021-05-07 06:58:14.413438,-0.73,0.69,0.99,True,True,False,0.96
CALL0264,AGENT39,TEAM4,ENT001,2020-07-19 06:58:14.413438,-0.79,0.2,0.08,False,False,False,0.95
CALL0265,AGENT28,TEAM3,ENT001,2023-11-12 06:58:14.413438,-0.69,0.31,0.13,True,True,False,0.96
CALL0266,AGENT48,TEAM1,ENT001,2020-10-29 06:58:14.413438,-0.04,0.72,0.62,True,False,True,0.44
CALL0267,AGENT17,TEAM5,ENT001,2021-10-28 06:58:14.413438,-0.3,0.59,0.55,True,True,False,0.85
CALL0268,AGENT25,TEAM8,ENT001,2024-02-11 06:58:14.413438,0.03,0.83,0.79,False,True,True,0.08
CALL0269,AGENT46,TEAM2,ENT001,2023-11-08 06:58:14.413438,0.8,0.59,0.07,False,True,True,0.21
CALL0270,AGENT10,TEAM4,ENT001,2021-04-13 06:58:14.413438,-0.0,0.82,0.65,False,True,True,0.36
CALL0271,AGENT43,TEAM6,ENT001,2021-11-23 06:58:14.413438,0.5,0.38,0.68,False,False,True,0.04
CALL0272,AGENT46,TEAM7,ENT001,2024-03-09 06:58:14.413438,-0.36,0.24,0.8,True,True,False,0.97
CALL0273,AGENT40,TEAM10,ENT001,2023-01-13 06:58:14.413438,0.22,0.12,0.09,False,False,False,0.89
CALL0274,AGENT48,TEAM4,ENT001,2023-03-31 06:58:14.413438,-0.06,0.3,0.24,True,False,False,0.17
CALL0275,AGENT40,TEAM7,ENT001,2019-10-11 06:58:14.413438,-0.2,0.67,0.04,False,True,False,0.9
CALL0276,AGENT4,TEAM10,ENT001,2023-02-05 06:58:14.413438,0.72,0.94,0.21,False,True,False,0.54
CALL0277,AGENT11,TEAM10,ENT001,2023-09-22 06:58:14.413438,-0.07,0.88,0.95,False,True,True,0.03
CALL0278,AGENT27,TEAM6,ENT001,2019-10-31 06:58:14.413438,-0.07,0.77,0.41,True,False,False,0.06
CALL0279,AGENT8,TEAM1,ENT001,2020-11-30 06:58:14.413438,-0.08,0.49,0.4,True,True,True,0.44
CALL0280,AGENT20,TEAM10,ENT001,2021-06-25 06:58:14.413438,0.79,0.38,0.15,True,False,True,0.23
CALL0281,AGENT7,TEAM5,ENT001,2022-12-20 06:58:14.413438,-0.61,0.78,0.55,False,False,False,0.33
CALL0282,AGENT36,TEAM9,ENT001,2023-10-05 06:58:14.413438,0.17,0.06,0.03,False,False,False,0.76
CALL0283,AGENT30,TEAM1,ENT001,2020-06-24 06:58:14.413438,0.27,0.41,0.35,False,False,True,0.99
CALL0284,AGENT4,TEAM2,ENT001,2022-03-21 06:58:14.413438,0.53,0.43,0.97,True,False,False,0.15
CALL0285,AGENT8,TEAM9,ENT001,2019-11-03 06:58:14.413438,0.94,0.89,0.74,False,False,False,0.76
CALL0286,AGENT42,TEAM6,ENT001,2020-11-02 06:58:14.413438,-0.85,0.55,0.43,True,False,False,0.68
CALL0287,AGENT44,TEAM3,ENT001,2021-05-12 06:58:14.413438,-0.14,0.26,0.48,True,False,False,0.38
CALL0288,AGENT34,TEAM7,ENT001,2020-12-25 06:58:14.413438,0.15,0.23,0.3,False,True,True,0.08
CALL0289,AGENT2,TEAM1,ENT001,2022-02-14 06:58:14.413438,0.58,0.51,0.46,False,False,True,0.84
CALL0290,AGENT12,TEAM3,ENT001,2019-06-11 06:58:14.413438,0.32,0.45,0.97,True,False,True,0.98
CALL0291,AGENT4,TEAM8,ENT001,2020-09-04 06:58:14.413438,-0.27,0.33,0.29,False,False,False,0.55
CALL0292,AGENT23,TEAM9,ENT001,2022-01-19 06:58:14.413438,0.91,0.01,0.8,False,False,True,0.71
CALL0293,AGENT2,TEAM5,ENT001,2022-02-05 06:58:14.413438,0.85,0.16,0.34,False,True,False,0.33
CALL0294,AGENT3,TEAM8,ENT001,2023-06-07 06:58:14.413438,-0.75,0.13,0.58,False,False,False,0.14
CALL0295,AGENT44,TEAM4,ENT001,2020-08-18 06:58:14.413438,0.43,0.5,0.84,True,False,False,0.23
CALL0296,AGENT13,TEAM9,ENT001,2024-03-25 06:58:14.413438,0.19,0.89,0.11,False,True,False,0.24
CALL0297,AGENT14,TEAM1,ENT001,2019-11-07 06:58:14.413438,-0.03,0.38,0.83,True,False,False,0.84
CALL0298,AGENT29,TEAM7,ENT001,2022-09-12 06:58:14.413438,-0.63,0.87,0.62,False,False,False,0.8
CALL0299,AGENT47,TEAM3,ENT001,2019-11-28 06:58:14.413438,-0.28,0.1,0.3,True,True,True,0.37
CALL0300,AGENT2,TEAM7,ENT001,2022-01-06 06:58:14.413438,0.64,0.94,0.55,False,True,True,0.24
CALL0301,AGENT32,TEAM4,ENT001,2021-09-29 06:58:14.413438,0.58,0.08,0.48,False,True,True,0.52
CALL0302,AGENT15,TEAM9,ENT001,2022-08-13 06:58:14.413438,-0.23,0.88,0.27,True,True,False,0.14
CALL0303,AGENT2,TEAM3,ENT001,2021-08-05 06:58:14.413438,0.15,0.56,0.87,False,False,True,0.32
CALL0304,AGENT26,TEAM1,ENT001,2020-10-02 06:58:14.413438,-0.85,0.47,0.84,False,False,False,0.04
CALL0305,AGENT10,TEAM2,ENT001,2022-01-06 06:58:14.413438,-0.33,0.64,0.71,True,True,True,0.71
CALL0306,AGENT40,TEAM7,ENT001,2021-08-22 06:58:14.413438,-0.98,0.68,0.88,True,False,False,0.51
CALL0307,AGENT31,TEAM8,ENT001,2021-12-14 06:58:14.413438,-0.99,0.2,0.77,False,True,True,0.17
CALL0308,AGENT4,TEAM9,ENT001,2023-10-26 06:58:14.413438,0.7,0.3,0.8,False,False,True,0.24
CALL0309,AGENT12,TEAM3,ENT001,2023-01-26 06:58:14.413438,0.9,0.88,0.54,False,False,False,0.8
CALL0310,AGENT23,TEAM10,ENT001,2021-05-30 06:58:14.413438,0.71,0.51,0.9,True,False,True,0.13
CALL0311,AGENT9,TEAM6,ENT001,2024-05-12 06:58:14.413438,-0.4,0.7,0.65,False,True,True,0.89
CALL0312,AGENT1,TEAM6,ENT001,2021-09-16 06:58:14.413438,-0.42,0.31,0.71,False,True,True,0.41
CALL0313,AGENT3,TEAM10,ENT001,2019-09-16 06:58:14.413438,0.9,0.85,0.31,False,False,True,0.95
CALL0314,AGENT4,TEAM9,ENT001,2023-02-27 06:58:14.413438,0.87,0.94,0.35,False,False,False,0.38
CALL0315,AGENT30,TEAM4,ENT001,2024-04-15 06:58:14.413438,0.51,0.56,0.52,True,False,False,0.24
CALL0316,AGENT29,TEAM7,ENT001,2021-08-29 06:58:14.413438,0.97,0.47,0.13,False,False,False,0.1
CALL0317,AGENT3,TEAM4,ENT001,2023-11-28 06:58:14.413438,-0.39,0.12,0.37,False,False,True,0.01
CALL0318,AGENT20,TEAM5,ENT001,2024-02-21 06:58:14.413438,-0.29,0.4,0.97,False,False,True,0.67
CALL0319,AGENT31,TEAM8,ENT001,2023-10-08 06:58:14.413438,0.1,0.47,0.37,False,True,True,0.23
CALL0320,AGENT35,TEAM1,ENT001,2022-09-13 06:58:14.413438,0.1,0.4,0.42,True,False,True,0.37
CALL0321,AGENT3,TEAM6,ENT001,2021-08-21 06:58:14.413438,0.51,0.44,0.69,True,True,False,0.02
CALL0322,AGENT25,TEAM7,ENT001,2021-11-11 06:58:14.413438,-0.2,0.65,0.14,True,False,False,0.09
CALL0323,AGENT32,TEAM3,ENT001,2019-06-11 06:58:14.413438,-0.04,0.22,0.55,True,True,False,0.76
CALL0324,AGENT19,TEAM10,ENT001,2020-08-31 06:58:14.413438,-0.44,0.78,0.3,True,True,True,0.79
CALL0325,AGENT32,TEAM3,ENT001,2019-09-03 06:58:14.413438,0.3,0.02,0.45,True,False,False,0.69
CALL0326,AGENT35,TEAM8,ENT001,2021-02-01 06:58:14.413438,-0.09,0.4,0.48,True,True,True,0.69
CALL0327,AGENT45,TEAM3,ENT001,2021-09-10 06:58:14.413438,-0.68,0.42,0.75,True,False,False,0.82
CALL0328,AGENT50,TEAM7,ENT001,2024-01-04 06:58:14.413438,-0.96,0.19,0.58,True,True,True,0.88
CALL0329,AGENT22,TEAM6,ENT001,2023-08-29 06:58:14.413438,-0.91,0.83,0.11,True,False,False,0.67
CALL0330,AGENT7,TEAM1,ENT001,2022-03-27 06:58:14.413438,-0.52,0.7,0.82,True,False,False,0.06
CALL0331,AGENT18,TEAM7,ENT001,2022-03-14 06:58:14.413438,0.26,0.47,0.67,True,False,True,0.4
CALL0332,AGENT19,TEAM5,ENT001,2020-08-17 06:58:14.413438,-0.27,0.02,0.97,True,True,False,0.97
CALL0333,AGENT10,TEAM9,ENT001,2022-03-06 06:58:14.413438,0.32,0.62,0.62,True,False,True,0.94
CALL0334,AGENT27,TEAM2,ENT001,2021-08-30 06:58:14.413438,0.41,0.92,0.66,True,False,False,0.29
CALL0335,AGENT23,TEAM7,ENT001,2022-02-09 06:58:14.413438,-0.48,0.68,0.32,True,True,False,0.49
CALL0336,AGENT10,TEAM7,ENT001,2023-03-13 06:58:14.413438,0.9,0.5,0.9,True,False,False,0.49
CALL0337,AGENT15,TEAM8,ENT001,2023-10-04 06:58:14.413438,-0.76,0.06,0.31,False,True,True,0.55
CALL0338,AGENT36,TEAM1,ENT001,2023-11-25 06:58:14.413438,-0.65,0.5,0.76,False,False,False,0.45
CALL0339,AGENT11,TEAM10,ENT001,2021-01-02 06:58:14.413438,-0.31,0.69,0.42,False,False,False,0.23
CALL0340,AGENT34,TEAM8,ENT001,2022-05-02 06:58:14.413438,-0.73,0.32,0.67,False,False,False,0.46
CALL0341,AGENT24,TEAM9,ENT001,2023-03-18 06:58:14.413438,-0.32,0.69,0.49,False,False,True,0.58
CALL0342,AGENT31,TEAM6,ENT001,2021-04-21 06:58:14.413438,-0.36,0.9,0.26,True,False,False,0.91
CALL0343,AGENT7,TEAM5,ENT001,2023-08-13 06:58:14.413438,-0.61,0.35,0.3,False,False,True,0.99
CALL0344,AGENT5,TEAM6,ENT001,2022-03-19 06:58:14.413438,0.11,0.76,0.36,True,True,False,0.0
CALL0345,AGENT45,TEAM2,ENT001,2023-10-06 06:58:14.413438,0.74,0.9,0.55,False,False,False,0.65
CALL0346,AGENT43,TEAM1,ENT001,2022-04-05 06:58:14.413438,-0.16,0.24,0.81,True,True,True,0.74
CALL0347,AGENT19,TEAM6,ENT001,2022-12-08 06:58:14.413438,1.0,0.56,0.89,False,True,False,0.74
CALL0348,AGENT18,TEAM6,ENT001,2023-07-27 06:58:14.413438,-0.1,0.4,0.15,False,True,False,0.8
CALL0349,AGENT27,TEAM4,ENT001,2021-04-12 06:58:14.413438,0.92,0.9,0.6,True,True,False,0.33
CALL0350,AGENT1,TEAM5,ENT001,2019-08-06 06:58:14.413438,0.51,0.28,0.61,True,False,True,0.18
CALL0351,AGENT27,TEAM10,ENT001,2021-09-22 06:58:14.413438,0.65,0.14,0.22,True,True,True,0.42
CALL0352,AGENT20,TEAM10,ENT001,2024-04-17 06:58:14.413438,-0.4,0.89,0.39,False,False,False,0.97
CALL0353,AGENT8,TEAM2,ENT001,2023-03-19 06:58:14.413438,-0.84,0.84,0.4,True,True,False,0.29
CALL0354,AGENT7,TEAM8,ENT001,2022-05-01 06:58:14.413438,0.38,0.07,0.04,False,False,False,0.78
CALL0355,AGENT41,TEAM3,ENT001,2021-08-11 06:58:14.413438,0.93,0.19,0.62,False,False,False,0.54
CALL0356,AGENT49,TEAM1,ENT001,2023-05-10 06:58:14.413438,-0.16,0.67,0.26,True,False,False,0.48
CALL0357,AGENT26,TEAM4,ENT001,2020-05-18 06:58:14.413438,0.48,0.47,0.95,True,True,True,0.01
CALL0358,AGENT1,TEAM5,ENT001,2021-04-24 06:58:14.413438,-0.65,0.81,0.03,True,True,False,0.99
CALL0359,AGENT38,TEAM6,ENT001,2019-11-07 06:58:14.413438,0.99,0.24,0.67,True,False,True,0.55
CALL0360,AGENT7,TEAM7,ENT001,2023-01-06 06:58:14.413438,0.94,0.24,0.53,True,False,True,0.49
CALL0361,AGENT26,TEAM8,ENT001,2021-03-13 06:58:14.413438,-0.92,0.31,0.18,False,False,True,0.05
CALL0362,AGENT23,TEAM2,ENT001,2023-09-16 06:58:14.413438,0.94,0.01,0.45,True,False,True,0.38
CALL0363,AGENT32,TEAM6,ENT001,2020-08-01 06:58:14.413438,-0.69,0.7,0.05,True,True,True,0.95
CALL0364,AGENT23,TEAM9,ENT001,2021-02-25 06:58:14.413438,-0.64,0.64,0.82,True,False,True,0.09
CALL0365,AGENT41,TEAM2,ENT001,2020-03-18 06:58:14.413438,0.58,0.79,0.08,False,True,True,0.68
CALL0366,AGENT19,TEAM2,ENT001,2020-03-09 06:58:14.413438,0.84,0.88,0.31,True,True,False,0.22
CALL0367,AGENT36,TEAM5,ENT001,2019-11-17 06:58:14.413438,-0.42,0.75,0.35,True,True,False,0.17
CALL0368,AGENT24,TEAM2,ENT001,2022-11-21 06:58:14.413438,-0.72,0.12,0.33,True,True,True,0.1
CALL0369,AGENT37,TEAM4,ENT001,2020-07-28 06:58:14.413438,0.26,0.63,0.8,True,False,True,0.84
CALL0370,AGENT18,TEAM5,ENT001,2019-07-11 06:58:14.413438,-0.87,0.61,0.99,True,True,False,0.64
CALL0371,AGENT39,TEAM8,ENT001,2020-07-26 06:58:14.413438,-0.78,0.57,0.97,False,False,False,0.29
CALL0372,AGENT2,TEAM8,ENT001,2023-11-12 06:58:14.413438,0.56,0.53,0.21,False,True,True,0.76
CALL0373,AGENT7,TEAM10,ENT001,2020-07-12 06:58:14.413438,-0.51,0.95,0.85,False,False,True,0.71
CALL0374,AGENT38,TEAM6,ENT001,2023-08-13 06:58:14.413438,-0.63,0.6,0.66,True,False,True,0.55
CALL0375,AGENT41,TEAM8,ENT001,2024-05-01 06:58:14.413438,0.77,0.1,0.77,True,True,True,0.17
CALL0376,AGENT28,TEAM2,ENT001,2019-10-31 06:58:14.413438,0.36,0.86,0.56,True,True,False,0.02
CALL0377,AGENT7,TEAM6,ENT001,2020-06-13 06:58:14.413438,0.45,0.9,0.83,True,False,False,0.29
CALL0378,AGENT50,TEAM1,ENT001,2020-03-26 06:58:14.413438,-0.24,0.61,0.84,False,False,True,0.72
CALL0379,AGENT43,TEAM7,ENT001,2019-07-23 06:58:14.413438,0.31,0.42,0.22,True,False,False,0.11
CALL0380,AGENT40,TEAM7,ENT001,2022-06-18 06:58:14.413438,-0.76,0.47,0.36,False,True,True,0.33
CALL0381,AGENT16,TEAM9,ENT001,2023-05-11 06:58:14.413438,-0.6,0.54,0.74,False,False,True,0.13
CALL0382,AGENT26,TEAM3,ENT001,2023-05-22 06:58:14.413438,-0.69,0.87,0.76,True,True,False,0.88
CALL0383,AGENT28,TEAM8,ENT001,2019-09-01 06:58:14.413438,-0.39,1.0,0.13,False,False,True,0.03
CALL0384,AGENT30,TEAM10,ENT001,2023-03-13 06:58:14.413438,0.92,0.67,0.36,True,True,False,0.33
CALL0385,AGENT34,TEAM9,ENT001,2022-06-04 06:58:14.413438,-0.95,0.65,0.52,False,False,False,0.29
CALL0386,AGENT36,TEAM1,ENT001,2023-10-06 06:58:14.413438,-0.51,0.26,0.76,True,False,False,0.12
CALL0387,AGENT20,TEAM1,ENT001,2020-12-22 06:58:14.413438,-0.06,0.33,0.01,False,True,False,0.51
CALL0388,AGENT47,TEAM7,ENT001,2021-01-04 06:58:14.413438,-0.08,0.43,0.29,False,True,False,0.43
CALL0389,AGENT5,TEAM5,ENT001,2020-02-25 06:58:14.413438,-0.05,0.36,0.68,False,True,False,0.12
CALL0390,AGENT10,TEAM5,ENT001,2021-03-31 06:58:14.413438,0.46,0.02,0.95,False,False,False,0.56
CALL0391,AGENT14,TEAM1,ENT001,2019-07-22 06:58:14.413438,-0.01,0.79,0.9,False,False,False,0.99
CALL0392,AGENT4,TEAM4,ENT001,2022-07-09 06:58:14.413438,0.35,0.59,0.82,False,True,True,0.65
CALL0393,AGENT14,TEAM2,ENT001,2022-05-29 06:58:14.413438,-0.39,0.14,0.84,False,False,True,0.57
CALL0394,AGENT36,TEAM1,ENT001,2023-04-26 06:58:14.413438,-0.95,0.67,0.89,True,False,True,0.26
CALL0395,AGENT45,TEAM9,ENT001,2020-02-17 06:58:14.413438,0.67,0.98,0.58,False,False,True,0.92
CALL0396,AGENT44,TEAM6,ENT001,2022-01-30 06:58:14.413438,0.84,0.45,0.94,False,False,True,0.57
CALL0397,AGENT22,TEAM3,ENT001,2020-08-12 06:58:14.413438,-0.24,0.91,0.04,True,True,True,0.27
CALL0398,AGENT41,TEAM5,ENT001,2023-07-22 06:58:14.413438,-0.7,0.19,0.36,True,False,False,0.32
CALL0399,AGENT17,TEAM6,ENT001,2019-08-26 06:58:14.413438,-0.16,0.44,0.05,False,True,False,0.92
CALL0400,AGENT22,TEAM2,ENT001,2021-03-01 06:58:14.413438,-0.36,0.69,0.81,True,True,True,0.77
CALL0401,AGENT32,TEAM4,ENT001,2020-04-08 06:58:14.413438,0.03,0.15,0.46,True,False,False,0.15
CALL0402,AGENT2,TEAM10,ENT001,2023-04-15 06:58:14.413438,-0.31,0.65,0.18,True,True,False,0.53
CALL0403,AGENT49,TEAM7,ENT001,2024-04-28 06:58:14.413438,0.72,0.96,0.7,False,True,True,0.9
CALL0404,AGENT1,TEAM10,ENT001,2023-06-17 06:58:14.413438,-0.91,0.85,0.55,False,False,False,0.4
CALL0405,AGENT22,TEAM7,ENT001,2021-01-12 06:58:14.413438,0.26,0.03,0.57,True,True,True,0.33
CALL0406,AGENT46,TEAM4,ENT001,2022-06-22 06:58:14.413438,0.36,0.47,0.06,True,True,True,0.24
CALL0407,AGENT3,TEAM8,ENT001,2020-10-05 06:58:14.413438,-0.12,0.6,0.32,False,False,True,0.86
CALL0408,AGENT37,TEAM9,ENT001,2024-03-12 06:58:14.413438,0.55,0.69,0.04,False,False,False,0.25
CALL0409,AGENT15,TEAM4,ENT001,2023-12-14 06:58:14.413438,0.92,0.03,0.99,True,True,True,0.25
CALL0410,AGENT26,TEAM4,ENT001,2019-06-07 06:58:14.413438,-0.56,0.1,0.28,False,True,False,0.54
CALL0411,AGENT45,TEAM5,ENT001,2020-11-08 06:58:14.413438,0.38,0.7,0.65,False,False,False,0.32
CALL0412,AGENT49,TEAM2,ENT001,2023-05-31 06:58:14.413438,0.15,0.66,0.95,False,True,False,0.79
CALL0413,AGENT45,TEAM7,ENT001,2024-05-17 06:58:14.413438,0.71,0.1,0.21,False,False,True,0.22
CALL0414,AGENT16,TEAM4,ENT001,2019-08-27 06:58:14.413438,0.01,0.95,0.95,True,True,False,0.82
CALL0415,AGENT40,TEAM8,ENT001,2019-12-26 06:58:14.413438,0.65,0.37,0.24,True,True,False,0.88
CALL0416,AGENT22,TEAM10,ENT001,2022-10-24 06:58:14.413438,-0.52,0.43,0.14,False,False,False,0.52
CALL0417,AGENT27,TEAM8,ENT001,2022-10-24 06:58:14.413438,0.5,0.44,0.28,False,False,True,0.7
CALL0418,AGENT1,TEAM8,ENT001,2021-04-02 06:58:14.413438,0.94,0.92,0.64,False,True,True,0.96
CALL0419,AGENT42,TEAM2,ENT001,2023-09-29 06:58:14.413438,0.47,0.43,0.29,True,True,True,0.14
CALL0420,AGENT1,TEAM10,ENT001,2024-04-25 06:58:14.413438,0.65,0.01,0.02,True,False,False,0.31
CALL0421,AGENT17,TEAM10,ENT001,2024-03-19 06:58:14.413438,0.62,0.3,0.58,True,True,True,0.37
CALL0422,AGENT41,TEAM3,ENT001,2021-12-14 06:58:14.413438,0.61,0.4,0.49,True,True,False,0.5
CALL0423,AGENT18,TEAM9,ENT001,2021-03-25 06:58:14.413438,0.31,0.75,0.01,True,True,False,0.3
CALL0424,AGENT23,TEAM2,ENT001,2024-03-06 06:58:14.413438,-0.34,0.45,0.52,True,True,True,0.86
CALL0425,AGENT35,TEAM10,ENT001,2023-06-20 06:58:14.413438,0.46,0.87,0.22,True,False,True,0.75
CALL0426,AGENT11,TEAM5,ENT001,2023-05-11 06:58:14.413438,0.83,0.53,0.47,True,True,True,0.97
CALL0427,AGENT37,TEAM8,ENT001,2023-01-22 06:58:14.413438,0.9,0.01,0.38,False,False,True,0.13
CALL0428,AGENT18,TEAM4,ENT001,2021-07-27 06:58:14.413438,0.8,0.87,0.18,False,True,False,0.61
CALL0429,AGENT46,TEAM2,ENT001,2023-12-06 06:58:14.413438,0.94,0.88,0.43,True,False,False,0.93
CALL0430,AGENT18,TEAM2,ENT001,2019-07-06 06:58:14.413438,0.25,0.46,0.83,False,False,True,0.32
CALL0431,AGENT36,TEAM1,ENT001,2023-05-14 06:58:14.413438,-0.43,0.27,0.09,True,True,False,0.03
CALL0432,AGENT37,TEAM5,ENT001,2019-08-25 06:58:14.413438,-0.69,0.78,0.37,False,False,False,0.93
CALL0433,AGENT45,TEAM1,ENT001,2019-09-04 06:58:14.413438,0.77,0.51,0.45,True,True,True,0.62
CALL0434,AGENT28,TEAM8,ENT001,2020-01-22 06:58:14.413438,0.22,0.32,0.66,False,True,False,0.92
CALL0435,AGENT47,TEAM10,ENT001,2019-09-20 06:58:14.413438,-0.69,0.75,0.96,False,False,False,0.75
CALL0436,AGENT24,TEAM3,ENT001,2022-07-20 06:58:14.413438,-0.43,0.01,0.23,True,False,False,0.14
CALL0437,AGENT8,TEAM6,ENT001,2019-06-04 06:58:14.413438,0.62,0.04,0.11,True,True,False,0.93
CALL0438,AGENT47,TEAM5,ENT001,2023-09-09 06:58:14.413438,-0.36,0.22,0.24,False,False,True,0.0
CALL0439,AGENT28,TEAM4,ENT001,2019-05-22 06:58:14.413438,0.78,0.32,0.52,False,True,False,0.76
CALL0440,AGENT50,TEAM3,ENT001,2020-02-06 06:58:14.413438,-0.62,0.96,0.91,False,False,False,0.86
CALL0441,AGENT37,TEAM1,ENT001,2020-09-15 06:58:14.413438,-0.34,0.66,0.71,True,False,False,0.47
CALL0442,AGENT27,TEAM8,ENT001,2020-12-02 06:58:14.413438,0.76,0.96,0.28,False,False,True,0.5
CALL0443,AGENT1,TEAM5,ENT001,2020-03-12 06:58:14.413438,-0.39,0.21,0.7,True,False,True,0.49
CALL0444,AGENT9,TEAM6,ENT001,2020-06-10 06:58:14.413438,-0.1,0.25,0.91,True,True,True,0.17
CALL0445,AGENT21,TEAM9,ENT001,2023-11-05 06:58:14.413438,-0.32,0.49,0.96,False,True,True,0.75
CALL0446,AGENT2,TEAM9,ENT001,2021-07-19 06:58:14.413438,0.07,0.44,0.95,True,False,False,0.54
CALL0447,AGENT46,TEAM2,ENT001,2024-02-24 06:58:14.413438,-0.26,0.18,0.88,True,False,False,0.24
CALL0448,AGENT37,TEAM3,ENT001,2023-05-03 06:58:14.413438,-0.77,0.39,0.18,False,False,True,0.11
CALL0449,AGENT48,TEAM6,ENT001,2020-10-08 06:58:14.413438,0.78,0.25,0.73,False,False,False,0.93
CALL0450,AGENT23,TEAM8,ENT001,2023-06-20 06:58:14.413438,0.66,0.7,0.08,True,True,False,0.74
CALL0451,AGENT39,TEAM10,ENT001,2022-12-30 06:58:14.413438,-0.36,0.22,0.96,True,False,False,0.43
CALL0452,AGENT46,TEAM2,ENT001,2022-03-18 06:58:14.413438,0.5,0.8,0.4,False,True,True,0.88
CALL0453,AGENT38,TEAM5,ENT001,2023-08-21 06:58:14.413438,0.84,0.41,0.06,False,True,True,0.35
CALL0454,AGENT43,TEAM2,ENT001,2019-10-08 06:58:14.413438,-0.41,0.3,0.05,True,True,False,0.31
CALL0455,AGENT45,TEAM8,ENT001,2019-09-09 06:58:14.413438,-0.08,0.56,0.41,True,False,False,0.31
CALL0456,AGENT31,TEAM3,ENT001,2022-11-02 06:58:14.413438,0.81,0.27,0.58,True,False,True,0.07
CALL0457,AGENT7,TEAM2,ENT001,2021-04-14 06:58:14.413438,-0.31,0.13,0.7,False,False,False,0.33
CALL0458,AGENT20,TEAM4,ENT001,2024-01-21 06:58:14.413438,0.17,0.16,0.37,False,False,False,0.61
CALL0459,AGENT12,TEAM4,ENT001,2022-03-10 06:58:14.413438,0.61,0.37,0.67,True,True,True,0.38
CALL0460,AGENT42,TEAM8,ENT001,2020-11-17 06:58:14.413438,0.97,0.29,1.0,False,False,False,0.07
CALL0461,AGENT24,TEAM7,ENT001,2024-02-21 06:58:14.413438,-0.2,0.76,0.27,False,False,False,0.4
CALL0462,AGENT23,TEAM1,ENT001,2021-03-23 06:58:14.413438,-0.28,0.78,0.35,True,True,False,0.3
CALL0463,AGENT16,TEAM3,ENT001,2022-10-29 06:58:14.413438,0.9,0.12,0.89,False,True,False,0.5
CALL0464,AGENT5,TEAM4,ENT001,2019-11-02 06:58:14.413438,0.49,0.17,0.07,True,True,False,0.2
CALL0465,AGENT16,TEAM8,ENT001,2019-06-21 06:58:14.413438,-0.91,0.9,0.69,True,False,True,0.82
CALL0466,AGENT20,TEAM2,ENT001,2020-07-14 06:58:14.413438,-0.52,0.71,0.0,True,True,False,0.14
CALL0467,AGENT46,TEAM10,ENT001,2019-06-12 06:58:14.413438,-0.07,0.27,0.31,False,False,True,0.58
CALL0468,AGENT3,TEAM7,ENT001,2022-08-25 06:58:14.413438,-0.28,0.45,0.27,False,False,False,0.54
CALL0469,AGENT8,TEAM3,ENT001,2022-07-31 06:58:14.413438,0.12,0.8,0.76,False,True,False,0.22
CALL0470,AGENT25,TEAM6,ENT001,2022-07-28 06:58:14.413438,0.21,0.64,0.45,True,True,True,0.71
CALL0471,AGENT46,TEAM9,ENT001,2021-07-20 06:58:14.413438,-0.74,0.69,0.82,True,False,False,0.61
CALL0472,AGENT50,TEAM2,ENT001,2023-02-28 06:58:14.413438,0.19,0.86,0.03,True,True,True,0.74
CALL0473,AGENT13,TEAM7,ENT001,2019-06-07 06:58:14.413438,0.51,0.26,0.86,True,False,True,0.42
CALL0474,AGENT18,TEAM9,ENT001,2022-06-23 06:58:14.413438,0.35,0.46,0.74,True,False,False,0.95
CALL0475,AGENT45,TEAM9,ENT001,2022-07-05 06:58:14.413438,-0.65,0.87,0.05,True,False,False,0.36
CALL0476,AGENT41,TEAM8,ENT001,2023-10-15 06:58:14.413438,0.26,0.19,0.22,False,False,False,0.66
CALL0477,AGENT35,TEAM8,ENT001,2023-03-09 06:58:14.413438,0.36,0.83,0.75,False,True,False,0.03
CALL0478,AGENT38,TEAM3,ENT001,2019-06-13 06:58:14.413438,-0.06,0.01,0.99,True,False,True,0.81
CALL0479,AGENT7,TEAM5,ENT001,2021-02-20 06:58:14.413438,0.9,0.6,0.91,False,False,False,1.0
CALL0480,AGENT33,TEAM3,ENT001,2020-11-04 06:58:14.413438,0.5,0.58,0.77,False,False,True,0.69
CALL0481,AGENT46,TEAM4,ENT001,2021-01-21 06:58:14.413438,-0.34,0.11,0.52,True,True,False,0.22
CALL0482,AGENT6,TEAM9,ENT001,2022-11-25 06:58:14.413438,-0.91,0.07,0.98,False,True,True,0.22
CALL0483,AGENT26,TEAM9,ENT001,2021-12-02 06:58:14.413438,0.0,0.58,0.61,True,False,False,0.43
CALL0484,AGENT22,TEAM7,ENT001,2020-10-04 06:58:14.413438,1.0,0.37,0.86,False,False,True,0.03
CALL0485,AGENT43,TEAM3,ENT001,2022-12-30 06:58:14.413438,0.43,0.31,0.85,True,False,True,0.08
CALL0486,AGENT16,TEAM4,ENT001,2022-05-27 06:58:14.413438,-0.16,0.99,0.95,True,True,False,0.32
CALL0487,AGENT31,TEAM1,ENT001,2021-08-15 06:58:14.413438,0.44,0.43,0.33,True,False,True,0.26
CALL0488,AGENT22,TEAM8,ENT001,2022-02-11 06:58:14.413438,0.46,0.34,0.96,False,True,True,0.05
CALL0489,AGENT22,TEAM9,ENT001,2019-11-09 06:58:14.413438,0.48,0.63,0.34,True,True,False,0.19
CALL0490,AGENT40,TEAM1,ENT001,2023-05-03 06:58:14.413438,-0.64,0.73,0.37,True,False,False,0.01
CALL0491,AGENT11,TEAM6,ENT001,2020-10-14 06:58:14.413438,0.52,0.38,0.69,True,True,True,0.35
CALL0492,AGENT11,TEAM4,ENT001,2021-05-26 06:58:14.413438,0.31,0.68,0.41,False,True,False,0.7
CALL0493,AGENT50,TEAM1,ENT001,2023-04-29 06:58:14.413438,-0.45,0.71,0.88,False,True,False,0.23
CALL0494,AGENT10,TEAM10,ENT001,2019-05-23 06:58:14.413438,0.85,1.0,0.15,False,True,False,0.53
CALL0495,AGENT1,TEAM2,ENT001,2019-11-24 06:58:14.413438,-0.7,0.22,0.32,True,True,True,0.93
CALL0496,AGENT28,TEAM6,ENT001,2021-02-10 06:58:14.413438,0.85,0.17,0.78,True,True,False,0.92
CALL0497,AGENT1,TEAM9,ENT001,2019-10-24 06:58:14.413438,-0.39,0.84,0.12,True,False,True,0.27
CALL0498,AGENT9,TEAM6,ENT001,2019-06-16 06:58:14.413438,0.69,0.81,0.23,True,False,True,0.24
CALL0499,AGENT35,TEAM6,ENT001,2022-12-22 06:58:14.413438,0.87,0.7,0.9,True,True,True,0.11
CALL0500,AGENT41,TEAM10,ENT001,2020-09-27 06:58:14.413438,0.17,0.33,0.59,True,True,True,0.88
CALL0501,AGENT31,TEAM6,ENT001,2021-03-05 06:58:14.413438,0.61,0.05,0.57,True,True,False,0.8
CALL0502,AGENT15,TEAM10,ENT001,2023-05-28 06:58:14.413438,-0.47,0.7,0.42,True,True,True,0.32
CALL0503,AGENT17,TEAM9,ENT001,2022-08-18 06:58:14.413438,-0.71,0.03,0.08,False,True,False,0.94
CALL0504,AGENT42,TEAM2,ENT001,2020-12-02 06:58:14.413438,0.58,0.47,0.12,False,False,True,0.13
CALL0505,AGENT1,TEAM2,ENT001,2022-06-25 06:58:14.413438,0.84,0.08,0.39,False,False,False,0.57
CALL0506,AGENT43,TEAM6,ENT001,2023-04-12 06:58:14.413438,-0.08,0.87,0.81,True,False,True,0.62
CALL0507,AGENT35,TEAM7,ENT001,2022-04-10 06:58:14.413438,0.11,0.17,0.68,True,False,True,0.93
CALL0508,AGENT5,TEAM2,ENT001,2024-03-19 06:58:14.413438,-0.67,0.93,0.39,True,True,False,0.89
CALL0509,AGENT37,TEAM2,ENT001,2023-10-09 06:58:14.413438,0.44,0.39,0.07,True,False,False,0.46
CALL0510,AGENT10,TEAM3,ENT001,2022-01-11 06:58:14.413438,0.23,0.75,0.76,False,False,True,0.62
CALL0511,AGENT34,TEAM8,ENT001,2019-07-06 06:58:14.413438,-0.56,0.41,0.5,False,False,True,0.34
CALL0512,AGENT29,TEAM9,ENT001,2020-07-02 06:58:14.413438,-0.63,0.99,0.25,True,True,False,0.74
CALL0513,AGENT20,TEAM4,ENT001,2021-09-13 06:58:14.413438,-0.04,0.03,0.16,True,False,True,0.54
CALL0514,AGENT37,TEAM1,ENT001,2020-12-17 06:58:14.413438,0.26,0.8,0.32,True,True,True,0.75
CALL0515,AGENT22,TEAM5,ENT001,2023-12-14 06:58:14.413438,-0.57,0.77,0.71,True,True,False,0.41
CALL0516,AGENT30,TEAM5,ENT001,2022-01-28 06:58:14.413438,-0.61,0.8,0.67,True,False,True,0.17
CALL0517,AGENT31,TEAM6,ENT001,2024-02-19 06:58:14.413438,-0.12,0.9,0.88,False,True,False,0.53
CALL0518,AGENT47,TEAM2,ENT001,2020-03-10 06:58:14.413438,0.71,0.43,0.57,True,False,True,0.85
CALL0519,AGENT38,TEAM4,ENT001,2023-12-24 06:58:14.413438,-0.26,0.25,0.42,True,True,False,0.61
CALL0520,AGENT46,TEAM4,ENT001,2019-07-01 06:58:14.413438,-0.54,0.11,0.4,True,True,True,0.48
CALL0521,AGENT12,TEAM9,ENT001,2019-05-22 06:58:14.413438,0.08,0.42,0.27,True,True,True,0.47
CALL0522,AGENT32,TEAM5,ENT001,2019-11-18 06:58:14.413438,0.4,0.84,0.68,True,True,False,0.38
CALL0523,AGENT4,TEAM10,ENT001,2019-10-29 06:58:14.413438,-0.06,0.57,0.72,True,True,False,0.6
CALL0524,AGENT25,TEAM5,ENT001,2022-11-18 06:58:14.413438,-0.24,0.46,0.73,False,True,False,0.57
CALL0525,AGENT35,TEAM10,ENT001,2019-12-27 06:58:14.413438,-0.68,0.38,0.42,False,False,True,0.11
CALL0526,AGENT7,TEAM4,ENT001,2023-06-30 06:58:14.413438,0.74,0.65,0.42,True,False,False,0.37
CALL0527,AGENT46,TEAM5,ENT001,2019-08-26 06:58:14.413438,0.64,0.11,0.31,True,True,False,0.62
CALL0528,AGENT14,TEAM8,ENT001,2022-09-27 06:58:14.413438,-1.0,0.97,0.35,False,False,True,0.84
CALL0529,AGENT36,TEAM6,ENT001,2020-04-26 06:58:14.413438,-0.17,0.71,0.96,True,False,True,0.1
CALL0530,AGENT43,TEAM6,ENT001,2020-11-12 06:58:14.413438,-0.56,0.51,0.04,False,False,True,0.11
CALL0531,AGENT35,TEAM8,ENT001,2020-08-12 06:58:14.413438,0.48,0.52,0.23,True,False,True,0.09
CALL0532,AGENT50,TEAM10,ENT001,2024-05-07 06:58:14.413438,-0.48,0.24,0.67,True,False,True,0.52
CALL0533,AGENT25,TEAM7,ENT001,2019-11-29 06:58:14.413438,-0.75,0.29,0.34,False,False,True,0.77
CALL0534,AGENT33,TEAM6,ENT001,2022-08-01 06:58:14.413438,0.86,0.93,0.2,True,True,True,0.9
CALL0535,AGENT26,TEAM10,ENT001,2023-09-03 06:58:14.413438,0.24,0.89,0.62,False,False,True,0.49
CALL0536,AGENT35,TEAM4,ENT001,2020-05-12 06:58:14.413438,-0.24,0.74,0.82,False,False,True,0.07
CALL0537,AGENT35,TEAM3,ENT001,2021-10-29 06:58:14.413438,0.85,0.91,0.39,False,True,False,0.7
CALL0538,AGENT35,TEAM5,ENT001,2022-04-15 06:58:14.413438,-0.55,0.44,0.67,True,True,True,0.13
CALL0539,AGENT6,TEAM5,ENT001,2022-12-12 06:58:14.413438,0.29,0.78,0.9,False,True,True,0.83
CALL0540,AGENT23,TEAM1,ENT001,2022-05-30 06:58:14.413438,-0.69,0.9,0.33,True,False,False,0.43
CALL0541,AGENT47,TEAM4,ENT001,2020-08-22 06:58:14.413438,0.85,0.3,0.78,False,True,True,1.0
CALL0542,AGENT2,TEAM3,ENT001,2020-02-05 06:58:14.413438,-0.38,0.66,0.05,True,True,False,0.76
CALL0543,AGENT24,TEAM7,ENT001,2023-09-08 06:58:14.413438,0.58,0.25,0.21,False,True,True,0.32
CALL0544,AGENT11,TEAM9,ENT001,2020-01-10 06:58:14.413438,-0.43,0.97,0.79,True,False,False,0.06
CALL0545,AGENT45,TEAM1,ENT001,2019-07-26 06:58:14.413438,-0.88,0.53,0.31,True,True,False,1.0
CALL0546,AGENT34,TEAM8,ENT001,2022-06-27 06:58:14.413438,0.87,0.01,0.63,True,True,False,0.01
CALL0547,AGENT16,TEAM4,ENT001,2023-11-09 06:58:14.413438,-0.31,0.46,0.28,True,True,True,0.18
CALL0548,AGENT28,TEAM4,ENT001,2022-06-26 06:58:14.413438,0.71,0.19,0.83,True,True,False,0.48
CALL0549,AGENT20,TEAM2,ENT001,2022-10-03 06:58:14.413438,-0.76,0.51,0.58,True,False,True,0.85
CALL0550,AGENT40,TEAM3,ENT001,2021-02-06 06:58:14.413438,-0.57,0.14,0.16,False,False,False,0.43
CALL0551,AGENT12,TEAM1,ENT001,2022-02-20 06:58:14.413438,-0.85,0.83,0.0,False,False,False,0.07
CALL0552,AGENT41,TEAM7,ENT001,2019-08-11 06:58:14.413438,0.04,0.95,0.24,True,False,False,0.39
CALL0553,AGENT48,TEAM10,ENT001,2021-02-01 06:58:14.413438,0.79,0.29,0.5,False,False,False,0.85
CALL0554,AGENT6,TEAM1,ENT001,2022-10-08 06:58:14.413438,0.41,0.13,0.16,False,True,True,0.5
CALL0555,AGENT50,TEAM5,ENT001,2023-01-28 06:58:14.413438,0.83,0.91,0.95,False,False,True,0.03
CALL0556,AGENT18,TEAM9,ENT001,2019-10-23 06:58:14.413438,-0.93,0.86,0.36,True,True,True,0.57
CALL0557,AGENT21,TEAM4,ENT001,2023-09-10 06:58:14.413438,-0.07,0.98,0.38,True,False,True,0.04
CALL0558,AGENT30,TEAM4,ENT001,2021-07-09 06:58:14.413438,-0.61,0.09,0.17,True,True,False,0.35
CALL0559,AGENT6,TEAM4,ENT001,2019-08-28 06:58:14.413438,0.55,0.09,0.93,False,True,False,0.14
CALL0560,AGENT9,TEAM4,ENT001,2023-12-26 06:58:14.413438,-0.13,0.59,0.78,False,False,True,0.97
CALL0561,AGENT9,TEAM9,ENT001,2022-02-02 06:58:14.413438,-0.82,0.8,0.37,False,False,False,0.57
CALL0562,AGENT3,TEAM8,ENT001,2020-05-03 06:58:14.413438,0.11,0.89,0.63,False,False,True,0.76
CALL0563,AGENT34,TEAM8,ENT001,2021-05-18 06:58:14.413438,-0.72,0.66,0.85,False,True,False,0.15
CALL0564,AGENT14,TEAM8,ENT001,2022-05-27 06:58:14.413438,0.78,0.59,0.08,False,False,False,0.48
CALL0565,AGENT41,TEAM6,ENT001,2023-12-22 06:58:14.413438,0.13,0.1,0.69,True,True,False,0.67
CALL0566,AGENT5,TEAM10,ENT001,2023-10-17 06:58:14.413438,0.03,0.73,0.5,True,False,False,0.97
CALL0567,AGENT29,TEAM6,ENT001,2020-07-11 06:58:14.413438,0.41,0.34,0.03,False,False,False,0.65
CALL0568,AGENT30,TEAM10,ENT001,2022-08-24 06:58:14.413438,0.42,0.36,0.97,True,True,True,0.82
CALL0569,AGENT38,TEAM5,ENT001,2019-08-31 06:58:14.413438,0.59,0.01,0.14,False,True,True,0.85
CALL0570,AGENT22,TEAM4,ENT001,2022-05-13 06:58:14.413438,-0.96,0.74,0.68,True,True,True,0.05
CALL0571,AGENT40,TEAM9,ENT001,2023-12-04 06:58:14.413438,0.84,0.41,0.71,True,True,False,0.07
CALL0572,AGENT50,TEAM5,ENT001,2020-04-20 06:58:14.413438,-0.54,0.88,0.38,False,False,False,0.14
CALL0573,AGENT33,TEAM5,ENT001,2019-08-07 06:58:14.413438,0.3,0.22,0.21,True,False,False,0.54
CALL0574,AGENT5,TEAM4,ENT001,2024-05-02 06:58:14.413438,0.71,0.96,0.51,True,True,True,0.27
CALL0575,AGENT30,TEAM6,ENT001,2022-04-07 06:58:14.413438,0.21,0.29,0.44,True,False,True,0.94
CALL0576,AGENT41,TEAM2,ENT001,2021-06-08 06:58:14.413438,-0.62,0.95,0.51,False,True,False,0.85
CALL0577,AGENT28,TEAM4,ENT001,2023-04-28 06:58:14.413438,-0.47,0.75,0.74,True,False,False,0.96
CALL0578,AGENT16,TEAM1,ENT001,2022-07-03 06:58:14.413438,-0.96,0.55,0.95,True,False,False,0.6
CALL0579,AGENT33,TEAM8,ENT001,2021-07-01 06:58:14.413438,0.31,0.9,0.15,False,True,True,0.36
CALL0580,AGENT38,TEAM3,ENT001,2021-01-23 06:58:14.413438,-0.09,0.02,0.73,False,False,True,0.3
CALL0581,AGENT13,TEAM4,ENT001,2023-10-03 06:58:14.413438,-0.23,0.69,0.89,True,True,True,0.43
CALL0582,AGENT11,TEAM4,ENT001,2022-07-21 06:58:14.413438,-0.19,0.76,0.66,False,True,True,0.85
CALL0583,AGENT6,TEAM1,ENT001,2021-10-19 06:58:14.413438,-0.77,0.02,0.56,False,False,False,0.28
CALL0584,AGENT5,TEAM9,ENT001,2023-11-09 06:58:14.413438,-0.85,0.33,0.42,True,False,True,0.29
CALL0585,AGENT23,TEAM10,ENT001,2021-06-04 06:58:14.413438,0.28,0.01,0.64,False,True,False,0.91
CALL0586,AGENT11,TEAM7,ENT001,2023-11-08 06:58:14.413438,-0.71,0.9,0.15,True,True,False,0.61
CALL0587,AGENT5,TEAM6,ENT001,2024-02-27 06:58:14.413438,-0.0,0.59,0.56,False,True,False,0.28
CALL0588,AGENT26,TEAM6,ENT001,2023-09-20 06:58:14.413438,0.06,0.49,0.4,True,True,False,0.51
CALL0589,AGENT20,TEAM2,ENT001,2023-08-09 06:58:14.413438,0.99,0.7,0.29,True,True,False,0.42
CALL0590,AGENT21,TEAM3,ENT001,2019-05-29 06:58:14.413438,0.64,0.86,0.78,False,True,False,0.33
CALL0591,AGENT36,TEAM8,ENT001,2023-05-10 06:58:14.413438,0.44,0.78,0.69,True,True,False,0.3
CALL0592,AGENT3,TEAM4,ENT001,2021-01-31 06:58:14.413438,0.88,0.89,0.87,False,False,False,0.02
CALL0593,AGENT16,TEAM9,ENT001,2023-04-07 06:58:14.413438,-0.26,0.63,0.27,True,True,False,0.46
CALL0594,AGENT11,TEAM3,ENT001,2020-11-03 06:58:14.413438,0.1,0.86,0.15,False,False,True,0.18
CALL0595,AGENT31,TEAM8,ENT001,2022-07-22 06:58:14.413438,0.37,0.8,0.3,True,False,False,0.18
CALL0596,AGENT41,TEAM3,ENT001,2021-08-06 06:58:14.413438,-0.7,0.08,0.45,False,False,True,0.68
CALL0597,AGENT32,TEAM5,ENT001,2019-10-20 06:58:14.413438,0.8,0.72,0.56,True,False,False,0.09
CALL0598,AGENT17,TEAM8,ENT001,2024-02-19 06:58:14.413438,0.61,0.64,0.63,True,True,True,0.26
CALL0599,AGENT30,TEAM6,ENT001,2023-05-31 06:58:14.413438,-0.83,0.23,0.74,True,True,False,0.22
CALL0600,AGENT36,TEAM6,ENT001,2019-05-26 06:58:14.413438,0.32,0.5,0.66,True,True,False,0.33
CALL0601,AGENT43,TEAM2,ENT001,2024-03-23 06:58:14.413438,0.21,0.8,0.42,True,False,False,0.04
CALL0602,AGENT39,TEAM3,ENT001,2021-04-23 06:58:14.413438,0.0,0.39,0.68,True,True,False,0.58
CALL0603,AGENT41,TEAM10,ENT001,2022-06-23 06:58:14.413438,0.1,0.22,0.65,False,False,False,0.98
CALL0604,AGENT23,TEAM1,ENT001,2021-03-17 06:58:14.413438,0.88,0.87,0.6,True,False,False,0.35
CALL0605,AGENT48,TEAM10,ENT001,2023-09-08 06:58:14.413438,-0.07,0.5,0.48,False,True,False,0.9
CALL0606,AGENT14,TEAM8,ENT001,2022-08-17 06:58:14.413438,-0.82,0.14,0.51,False,False,True,0.29
CALL0607,AGENT11,TEAM9,ENT001,2021-09-23 06:58:14.413438,-0.74,0.75,0.6,True,True,True,0.86
CALL0608,AGENT45,TEAM7,ENT001,2023-05-01 06:58:14.413438,0.09,0.37,0.03,False,False,True,0.82
CALL0609,AGENT39,TEAM5,ENT001,2020-07-04 06:58:14.413438,-0.43,0.22,0.59,True,False,False,0.57
CALL0610,AGENT45,TEAM1,ENT001,2020-04-01 06:58:14.413438,0.68,0.35,0.72,True,False,True,0.02
CALL0611,AGENT18,TEAM5,ENT001,2020-12-29 06:58:14.413438,-0.6,0.85,0.45,False,False,False,0.24
CALL0612,AGENT16,TEAM10,ENT001,2021-11-05 06:58:14.413438,-0.67,0.62,0.08,False,True,False,0.74
CALL0613,AGENT41,TEAM7,ENT001,2020-08-02 06:58:14.413438,0.27,0.61,0.84,False,False,False,1.0
CALL0614,AGENT38,TEAM1,ENT001,2021-11-12 06:58:14.413438,0.29,0.8,0.24,False,False,True,0.66
CALL0615,AGENT6,TEAM3,ENT001,2020-08-14 06:58:14.413438,-0.71,0.65,0.41,False,False,True,0.69
CALL0616,AGENT36,TEAM7,ENT001,2021-12-19 06:58:14.413438,-0.74,0.6,0.67,True,True,True,0.61
CALL0617,AGENT29,TEAM7,ENT001,2021-10-29 06:58:14.413438,0.32,0.21,0.04,True,False,False,0.31
CALL0618,AGENT36,TEAM10,ENT001,2019-07-26 06:58:14.413438,-0.74,0.05,0.72,False,True,False,0.31
CALL0619,AGENT49,TEAM9,ENT001,2020-02-18 06:58:14.413438,-0.76,0.75,0.82,False,False,True,0.9
CALL0620,AGENT25,TEAM5,ENT001,2023-06-17 06:58:14.413438,-0.09,0.5,0.72,True,True,True,0.9
CALL0621,AGENT17,TEAM8,ENT001,2022-10-22 06:58:14.413438,0.24,0.9,0.89,False,False,True,0.11
CALL0622,AGENT32,TEAM8,ENT001,2023-09-05 06:58:14.413438,-0.68,0.93,0.7,False,True,True,0.37
CALL0623,AGENT7,TEAM3,ENT001,2022-05-21 06:58:14.413438,0.72,0.53,0.48,False,False,True,0.17
CALL0624,AGENT19,TEAM9,ENT001,2021-07-30 06:58:14.413438,0.55,0.97,0.95,True,True,True,0.9
CALL0625,AGENT30,TEAM3,ENT001,2024-05-12 06:58:14.413438,0.12,0.76,0.37,False,False,False,0.47
CALL0626,AGENT38,TEAM4,ENT001,2023-06-14 06:58:14.413438,-0.4,0.79,0.85,True,True,True,0.02
CALL0627,AGENT50,TEAM2,ENT001,2020-01-04 06:58:14.413438,0.36,0.55,0.37,True,True,True,0.42
CALL0628,AGENT5,TEAM7,ENT001,2022-11-17 06:58:14.413438,-0.13,0.41,0.83,False,True,True,0.65
CALL0629,AGENT7,TEAM9,ENT001,2020-01-08 06:58:14.413438,-0.63,0.42,0.67,False,True,False,0.5
CALL0630,AGENT13,TEAM4,ENT001,2023-04-01 06:58:14.413438,0.51,0.7,0.98,True,False,True,0.51
CALL0631,AGENT35,TEAM7,ENT001,2020-10-24 06:58:14.413438,0.21,0.42,0.28,False,False,True,0.95
CALL0632,AGENT21,TEAM1,ENT001,2022-02-20 06:58:14.413438,-0.1,0.24,0.97,True,False,True,0.73
CALL0633,AGENT7,TEAM10,ENT001,2021-05-08 06:58:14.413438,0.13,0.75,0.88,True,False,True,0.25
CALL0634,AGENT7,TEAM10,ENT001,2021-09-01 06:58:14.413438,0.45,0.1,0.69,False,False,True,0.42
CALL0635,AGENT45,TEAM6,ENT001,2020-05-28 06:58:14.413438,0.48,0.26,0.66,False,True,True,0.19
CALL0636,AGENT19,TEAM1,ENT001,2022-05-07 06:58:14.413438,-0.37,0.4,0.98,True,False,False,0.71
CALL0637,AGENT46,TEAM6,ENT001,2021-08-05 06:58:14.413438,-0.74,0.88,0.94,True,False,False,0.88
CALL0638,AGENT47,TEAM8,ENT001,2023-08-19 06:58:14.413438,0.2,0.99,0.77,True,True,False,0.96
CALL0639,AGENT13,TEAM7,ENT001,2023-09-25 06:58:14.413438,-0.61,0.61,0.59,True,True,False,0.31
CALL0640,AGENT42,TEAM7,ENT001,2019-09-14 06:58:14.413438,-0.14,0.37,0.72,False,True,False,0.1
CALL0641,AGENT27,TEAM3,ENT001,2020-02-25 06:58:14.413438,0.65,0.16,0.78,True,True,False,0.49
CALL0642,AGENT32,TEAM10,ENT001,2022-02-27 06:58:14.413438,0.58,0.05,0.16,False,False,True,0.47
CALL0643,AGENT33,TEAM6,ENT001,2019-09-04 06:58:14.413438,-0.03,0.99,0.44,True,True,False,0.82
CALL0644,AGENT38,TEAM8,ENT001,2021-08-18 06:58:14.413438,-0.08,0.43,0.24,False,True,True,0.49
CALL0645,AGENT4,TEAM1,ENT001,2022-11-14 06:58:14.413438,-0.59,0.14,0.79,True,False,True,1.0
CALL0646,AGENT46,TEAM10,ENT001,2020-03-09 06:58:14.413438,0.02,0.92,1.0,False,False,True,0.32
CALL0647,AGENT36,TEAM5,ENT001,2022-05-12 06:58:14.413438,0.01,0.78,0.14,True,False,False,0.43
CALL0648,AGENT11,TEAM7,ENT001,2022-07-01 06:58:14.413438,0.95,0.18,0.04,True,True,True,0.83
CALL0649,AGENT1,TEAM8,ENT001,2023-06-01 06:58:14.413438,0.43,0.51,0.45,True,False,True,0.82
CALL0650,AGENT28,TEAM4,ENT001,2022-08-06 06:58:14.413438,0.06,0.95,0.94,True,False,True,0.2
CALL0651,AGENT34,TEAM9,ENT001,2020-05-07 06:58:14.413438,0.86,0.81,0.88,True,True,True,0.71
CALL0652,AGENT45,TEAM9,ENT001,2022-11-15 06:58:14.413438,0.69,0.92,0.9,False,True,False,0.23
CALL0653,AGENT23,TEAM4,ENT001,2021-07-28 06:58:14.413438,0.97,0.7,0.35,True,True,False,0.54
CALL0654,AGENT12,TEAM9,ENT001,2022-10-06 06:58:14.413438,0.47,0.71,0.92,True,False,True,0.14
CALL0655,AGENT10,TEAM9,ENT001,2023-05-07 06:58:14.413438,-0.97,0.22,0.11,False,True,False,0.48
CALL0656,AGENT37,TEAM8,ENT001,2021-10-26 06:58:14.413438,-0.54,0.03,0.84,False,True,False,0.36
CALL0657,AGENT8,TEAM8,ENT001,2019-11-20 06:58:14.413438,-0.33,0.64,0.89,False,True,True,0.21
CALL0658,AGENT2,TEAM4,ENT001,2022-05-15 06:58:14.413438,0.07,0.9,0.79,True,True,True,0.15
CALL0659,AGENT37,TEAM10,ENT001,2022-02-12 06:58:14.413438,-0.03,0.68,0.85,True,False,False,0.7
CALL0660,AGENT17,TEAM10,ENT001,2022-11-06 06:58:14.413438,-0.3,0.12,0.36,True,False,False,0.76
CALL0661,AGENT5,TEAM6,ENT001,2022-08-12 06:58:14.413438,0.13,0.53,0.97,True,False,False,0.65
CALL0662,AGENT31,TEAM5,ENT001,2024-04-11 06:58:14.413438,0.89,0.36,0.65,True,True,True,0.8
CALL0663,AGENT18,TEAM3,ENT001,2023-09-26 06:58:14.413438,-0.68,0.09,0.76,False,False,False,0.16
CALL0664,AGENT26,TEAM7,ENT001,2019-06-04 06:58:14.413438,-0.66,0.65,0.74,True,False,False,0.0
CALL0665,AGENT4,TEAM8,ENT001,2022-08-11 06:58:14.413438,-0.69,0.78,0.23,False,False,False,0.03
CALL0666,AGENT28,TEAM2,ENT001,2021-07-31 06:58:14.413438,-0.38,0.4,0.56,True,True,False,0.63
CALL0667,AGENT23,TEAM2,ENT001,2023-11-09 06:58:14.413438,0.47,0.7,0.71,True,True,False,0.94
CALL0668,AGENT50,TEAM2,ENT001,2020-05-14 06:58:14.413438,-0.76,0.59,0.81,False,False,True,0.36
CALL0669,AGENT25,TEAM10,ENT001,2023-03-26 06:58:14.413438,-0.71,0.76,0.99,True,False,True,0.01
CALL0670,AGENT3,TEAM1,ENT001,2020-05-26 06:58:14.413438,-0.19,0.82,0.14,False,True,True,0.32
CALL0671,AGENT46,TEAM8,ENT001,2021-11-26 06:58:14.413438,-0.95,0.79,0.47,True,True,False,0.43
CALL0672,AGENT22,TEAM4,ENT001,2023-05-02 06:58:14.413438,-0.08,0.19,0.37,False,True,False,0.45
CALL0673,AGENT39,TEAM3,ENT001,2022-05-18 06:58:14.413438,0.78,0.74,0.75,True,True,True,0.04
CALL0674,AGENT12,TEAM3,ENT001,2022-10-22 06:58:14.413438,-0.15,0.0,0.55,False,False,False,0.14
CALL0675,AGENT14,TEAM10,ENT001,2023-02-20 06:58:14.413438,0.63,0.41,0.75,True,True,True,0.61
CALL0676,AGENT20,TEAM4,ENT001,2024-04-01 06:58:14.413438,-0.62,1.0,0.88,True,False,False,0.25
CALL0677,AGENT22,TEAM7,ENT001,2024-04-19 06:58:14.413438,-0.74,0.31,0.78,True,False,True,0.26
CALL0678,AGENT19,TEAM10,ENT001,2022-03-03 06:58:14.413438,0.42,0.69,0.55,True,False,False,0.44
CALL0679,AGENT30,TEAM6,ENT001,2019-12-02 06:58:14.413438,-0.84,0.0,0.68,True,True,True,0.22
CALL0680,AGENT1,TEAM6,ENT001,2023-08-03 06:58:14.413438,-0.27,0.99,0.6,True,False,True,0.91
CALL0681,AGENT8,TEAM10,ENT001,2022-05-14 06:58:14.413438,0.21,0.63,0.28,False,False,True,0.05
CALL0682,AGENT50,TEAM6,ENT001,2019-10-24 06:58:14.413438,-0.1,0.94,0.09,True,False,False,0.16
CALL0683,AGENT49,TEAM9,ENT001,2021-10-07 06:58:14.413438,-0.94,0.32,0.74,True,True,False,0.7
CALL0684,AGENT22,TEAM5,ENT001,2022-05-12 06:58:14.413438,0.36,0.64,0.34,True,False,False,0.57
CALL0685,AGENT12,TEAM9,ENT001,2020-06-09 06:58:14.413438,0.24,0.99,0.68,True,True,False,0.44
CALL0686,AGENT45,TEAM9,ENT001,2022-10-08 06:58:14.413438,0.29,0.07,0.83,True,False,True,0.12
CALL0687,AGENT7,TEAM5,ENT001,2023-12-28 06:58:14.413438,-0.14,0.56,0.58,True,False,False,0.19
CALL0688,AGENT41,TEAM1,ENT001,2022-03-27 06:58:14.413438,-0.69,0.87,0.47,True,True,False,0.73
CALL0689,AGENT24,TEAM7,ENT001,2022-07-07 06:58:14.413438,-0.23,0.83,0.22,True,False,True,0.32
CALL0690,AGENT1,TEAM8,ENT001,2022-02-18 06:58:14.413438,0.33,0.8,0.64,True,True,True,0.17
CALL0691,AGENT14,TEAM5,ENT001,2020-12-24 06:58:14.413438,-0.15,0.91,0.29,False,False,False,0.95
CALL0692,AGENT26,TEAM9,ENT001,2021-01-15 06:58:14.413438,0.28,0.78,0.59,True,False,True,0.95
CALL0693,AGENT23,TEAM7,ENT001,2022-07-01 06:58:14.413438,0.03,0.85,0.15,True,False,False,0.84
CALL0694,AGENT35,TEAM9,ENT001,2023-04-04 06:58:14.413438,0.58,0.25,0.3,True,True,True,0.02
CALL0695,AGENT23,TEAM5,ENT001,2022-02-25 06:58:14.413438,-0.21,0.81,0.7,False,False,False,0.15
CALL0696,AGENT19,TEAM10,ENT001,2022-04-04 06:58:14.413438,-0.39,0.54,0.52,True,True,False,0.59
CALL0697,AGENT40,TEAM1,ENT001,2021-05-14 06:58:14.413438,0.66,0.05,0.39,True,True,True,0.24
CALL0698,AGENT28,TEAM6,ENT001,2023-10-25 06:58:14.413438,-0.9,0.29,0.04,True,False,True,0.26
CALL0699,AGENT35,TEAM6,ENT001,2022-12-23 06:58:14.413438,-0.05,0.94,0.29,False,True,True,0.32
CALL0700,AGENT42,TEAM7,ENT001,2022-07-24 06:58:14.413438,0.88,0.48,0.69,False,True,False,0.1
CALL0701,AGENT31,TEAM6,ENT001,2020-05-20 06:58:14.413438,0.56,0.94,0.7,False,False,True,0.41
CALL0702,AGENT19,TEAM8,ENT001,2020-07-07 06:58:14.413438,0.51,0.1,0.93,False,True,True,0.56
CALL0703,AGENT42,TEAM5,ENT001,2021-11-14 06:58:14.413438,-0.35,0.88,0.43,False,True,False,0.08
CALL0704,AGENT38,TEAM3,ENT001,2019-08-20 06:58:14.413438,-0.82,0.25,0.59,True,False,True,0.8
CALL0705,AGENT2,TEAM5,ENT001,2022-12-21 06:58:14.413438,0.44,0.51,0.28,True,True,True,0.82
CALL0706,AGENT17,TEAM6,ENT001,2021-09-04 06:58:14.413438,-0.93,0.49,0.45,True,False,False,0.85
CALL0707,AGENT20,TEAM6,ENT001,2020-04-20 06:58:14.413438,1.0,0.03,0.11,False,False,True,0.73
CALL0708,AGENT28,TEAM2,ENT001,2022-06-19 06:58:14.413438,-0.44,0.12,0.35,True,False,False,0.53
CALL0709,AGENT37,TEAM5,ENT001,2023-04-15 06:58:14.413438,-0.85,0.15,0.76,False,False,False,0.1
CALL0710,AGENT31,TEAM7,ENT001,2021-10-26 06:58:14.413438,0.28,0.56,0.16,False,False,True,0.84
CALL0711,AGENT8,TEAM2,ENT001,2020-06-02 06:58:14.413438,0.61,0.56,0.26,False,True,True,0.09
CALL0712,AGENT45,TEAM8,ENT001,2024-01-10 06:58:14.413438,0.72,0.71,0.68,True,False,True,0.85
CALL0713,AGENT30,TEAM2,ENT001,2022-09-04 06:58:14.413438,0.55,0.07,0.24,False,True,False,0.03
CALL0714,AGENT5,TEAM5,ENT001,2021-02-20 06:58:14.413438,0.25,0.59,0.44,True,True,True,0.57
CALL0715,AGENT40,TEAM6,ENT001,2022-04-25 06:58:14.413438,-0.84,0.14,0.68,False,True,True,0.66
CALL0716,AGENT43,TEAM5,ENT001,2019-06-10 06:58:14.413438,-0.09,0.08,0.65,False,True,False,0.51
CALL0717,AGENT7,TEAM9,ENT001,2022-12-23 06:58:14.413438,0.22,0.7,0.47,False,True,False,0.63
CALL0718,AGENT10,TEAM5,ENT001,2020-05-18 06:58:14.413438,0.1,0.77,0.87,False,True,False,0.31
CALL0719,AGENT31,TEAM3,ENT001,2022-02-15 06:58:14.413438,-0.66,0.58,0.59,True,True,True,0.73
CALL0720,AGENT22,TEAM5,ENT001,2022-09-20 06:58:14.413438,-0.34,0.1,0.7,True,True,False,0.95
CALL0721,AGENT16,TEAM4,ENT001,2023-03-25 06:58:14.413438,-0.02,0.27,0.58,True,True,False,0.46
CALL0722,AGENT41,TEAM2,ENT001,2021-01-14 06:58:14.413438,0.13,0.69,0.66,True,True,True,0.09
CALL0723,AGENT23,TEAM6,ENT001,2020-08-11 06:58:14.413438,0.05,0.04,0.52,True,True,True,0.95
CALL0724,AGENT32,TEAM4,ENT001,2020-07-11 06:58:14.413438,-0.85,0.01,0.16,True,False,True,0.21
CALL0725,AGENT17,TEAM2,ENT001,2021-07-11 06:58:14.413438,0.51,0.59,0.33,True,False,False,0.93
CALL0726,AGENT24,TEAM1,ENT001,2019-12-19 06:58:14.413438,0.63,0.79,0.02,False,True,False,0.51
CALL0727,AGENT17,TEAM10,ENT001,2020-07-10 06:58:14.413438,-0.89,0.81,0.9,False,False,True,0.6
CALL0728,AGENT42,TEAM6,ENT001,2021-08-09 06:58:14.413438,0.68,0.51,0.43,True,False,True,0.76
CALL0729,AGENT44,TEAM1,ENT001,2022-01-08 06:58:14.413438,-0.33,0.31,0.43,False,False,True,0.23
CALL0730,AGENT19,TEAM7,ENT001,2020-05-03 06:58:14.413438,0.28,0.23,0.05,True,False,False,0.75
CALL0731,AGENT14,TEAM3,ENT001,2023-05-01 06:58:14.413438,-0.52,0.08,0.01,False,False,True,0.01
CALL0732,AGENT19,TEAM3,ENT001,2024-02-15 06:58:14.413438,-0.64,0.13,0.69,False,False,True,0.53
CALL0733,AGENT42,TEAM7,ENT001,2020-06-02 06:58:14.413438,0.1,0.13,0.55,False,False,True,0.57
CALL0734,AGENT47,TEAM6,ENT001,2019-09-03 06:58:14.413438,-0.44,0.12,0.42,True,True,True,0.72
CALL0735,AGENT12,TEAM6,ENT001,2019-07-14 06:58:14.413438,0.32,0.29,0.46,False,False,True,0.02
CALL0736,AGENT45,TEAM8,ENT001,2020-01-15 06:58:14.413438,-0.97,0.62,0.25,False,True,True,0.9
CALL0737,AGENT43,TEAM6,ENT001,2022-10-06 06:58:14.413438,-0.8,0.48,0.78,False,True,True,0.38
CALL0738,AGENT45,TEAM3,ENT001,2020-04-28 06:58:14.413438,-0.74,0.6,0.05,True,False,True,0.56
CALL0739,AGENT14,TEAM1,ENT001,2023-01-19 06:58:14.413438,0.07,0.92,0.31,False,True,False,0.71
CALL0740,AGENT15,TEAM7,ENT001,2023-10-11 06:58:14.413438,-0.02,0.38,0.5,False,True,False,0.88
CALL0741,AGENT4,TEAM6,ENT001,2021-04-13 06:58:14.413438,-0.92,0.37,0.39,False,True,True,0.39
CALL0742,AGENT37,TEAM4,ENT001,2019-12-24 06:58:14.413438,-0.15,0.92,0.63,True,True,True,0.82
CALL0743,AGENT8,TEAM10,ENT001,2020-11-29 06:58:14.413438,0.41,0.2,0.57,True,True,False,0.67
CALL0744,AGENT2,TEAM9,ENT001,2019-06-17 06:58:14.413438,-0.78,0.67,0.94,False,False,False,0.67
CALL0745,AGENT16,TEAM3,ENT001,2021-02-26 06:58:14.413438,0.63,0.57,0.02,False,False,True,0.8
CALL0746,AGENT49,TEAM9,ENT001,2022-09-04 06:58:14.413438,-0.99,0.89,0.7,False,False,True,0.38
CALL0747,AGENT50,TEAM7,ENT001,2023-03-19 06:58:14.413438,-0.07,0.41,0.56,True,True,False,0.51
CALL0748,AGENT16,TEAM7,ENT001,2020-07-12 06:58:14.413438,-0.14,0.82,0.61,True,True,False,0.39
CALL0749,AGENT48,TEAM6,ENT001,2019-07-13 06:58:14.413438,-0.77,0.15,0.39,False,True,False,0.34
CALL0750,AGENT16,TEAM4,ENT001,2022-07-12 06:58:14.413438,0.18,0.72,0.82,True,True,True,0.68
CALL0751,AGENT35,TEAM3,ENT001,2022-02-12 06:58:14.413438,-0.98,0.63,0.53,False,True,True,0.31
CALL0752,AGENT26,TEAM2,ENT001,2019-10-15 06:58:14.413438,-0.67,0.88,0.0,False,False,True,0.85
CALL0753,AGENT37,TEAM7,ENT001,2020-04-12 06:58:14.413438,0.14,0.78,0.77,True,True,False,0.97
CALL0754,AGENT45,TEAM6,ENT001,2020-12-01 06:58:14.413438,-0.87,0.6,0.21,True,True,True,0.83
CALL0755,AGENT39,TEAM9,ENT001,2022-12-10 06:58:14.413438,0.06,0.67,0.73,True,True,False,0.64
CALL0756,AGENT18,TEAM3,ENT001,2022-05-30 06:58:14.413438,-0.57,0.85,0.49,True,True,True,0.65
CALL0757,AGENT16,TEAM3,ENT001,2020-07-29 06:58:14.413438,0.92,1.0,0.27,False,True,False,0.22
CALL0758,AGENT28,TEAM1,ENT001,2021-01-20 06:58:14.413438,-0.57,0.82,0.44,True,False,False,0.92
CALL0759,AGENT4,TEAM8,ENT001,2022-10-04 06:58:14.413438,-0.9,0.14,0.53,True,True,False,0.7
CALL0760,AGENT17,TEAM7,ENT001,2020-07-12 06:58:14.413438,0.68,0.06,0.59,False,True,True,0.03
CALL0761,AGENT3,TEAM9,ENT001,2024-01-08 06:58:14.413438,0.05,0.51,0.76,True,False,True,0.11
CALL0762,AGENT49,TEAM6,ENT001,2022-09-29 06:58:14.413438,-0.55,0.15,0.48,True,False,False,0.56
CALL0763,AGENT18,TEAM9,ENT001,2021-07-21 06:58:14.413438,-0.22,0.37,0.74,False,True,False,0.03
CALL0764,AGENT38,TEAM5,ENT001,2021-02-07 06:58:14.413438,-0.85,0.11,0.3,False,True,True,0.57
CALL0765,AGENT25,TEAM7,ENT001,2019-07-27 06:58:14.413438,0.94,0.67,0.32,True,False,False,0.35
CALL0766,AGENT25,TEAM2,ENT001,2022-06-30 06:58:14.413438,0.77,0.37,0.68,True,False,False,0.08
CALL0767,AGENT20,TEAM5,ENT001,2023-07-06 06:58:14.413438,-0.4,0.83,0.38,True,False,True,0.29
CALL0768,AGENT38,TEAM10,ENT001,2021-05-06 06:58:14.413438,0.49,0.24,0.69,False,False,True,0.85
CALL0769,AGENT30,TEAM9,ENT001,2022-02-01 06:58:14.413438,-0.12,0.25,0.92,True,False,False,0.38
CALL0770,AGENT35,TEAM7,ENT001,2020-10-21 06:58:14.413438,-0.07,0.65,0.32,False,False,False,0.4
CALL0771,AGENT15,TEAM7,ENT001,2021-04-17 06:58:14.413438,-0.55,0.75,0.09,True,True,False,0.28
CALL0772,AGENT29,TEAM2,ENT001,2022-04-22 06:58:14.413438,0.64,0.6,0.85,True,True,False,0.65
CALL0773,AGENT5,TEAM7,ENT001,2023-11-09 06:58:14.413438,0.9,0.17,0.8,True,False,True,0.66
CALL0774,AGENT13,TEAM7,ENT001,2022-11-19 06:58:14.413438,0.14,0.55,0.28,True,False,False,0.21
CALL0775,AGENT3,TEAM2,ENT001,2020-02-12 06:58:14.413438,-0.15,0.99,0.7,True,False,True,0.2
CALL0776,AGENT8,TEAM3,ENT001,2020-09-17 06:58:14.413438,0.6,0.53,0.7,True,True,False,0.52
CALL0777,AGENT45,TEAM1,ENT001,2021-06-20 06:58:14.413438,-0.77,0.66,0.97,True,False,True,0.67
CALL0778,AGENT43,TEAM6,ENT001,2021-10-08 06:58:14.413438,-0.99,0.33,0.59,False,True,True,0.3
CALL0779,AGENT29,TEAM8,ENT001,2019-07-09 06:58:14.413438,0.42,0.61,0.37,True,True,False,0.66
CALL0780,AGENT17,TEAM6,ENT001,2021-08-13 06:58:14.413438,0.91,0.61,0.12,True,True,True,0.34
CALL0781,AGENT48,TEAM4,ENT001,2022-03-13 06:58:14.413438,0.45,0.99,0.7,False,True,False,0.34
CALL0782,AGENT5,TEAM5,ENT001,2022-06-04 06:58:14.413438,0.33,0.08,0.09,False,True,False,0.55
CALL0783,AGENT9,TEAM10,ENT001,2023-02-15 06:58:14.413438,0.56,0.62,0.56,False,True,True,0.22
CALL0784,AGENT27,TEAM7,ENT001,2021-12-09 06:58:14.413438,0.06,0.52,0.01,True,False,True,0.3
CALL0785,AGENT32,TEAM3,ENT001,2020-06-13 06:58:14.413438,-0.73,0.21,0.11,True,False,True,0.71
CALL0786,AGENT7,TEAM9,ENT001,2020-10-06 06:58:14.413438,-0.44,0.87,0.92,False,True,True,0.66
CALL0787,AGENT40,TEAM5,ENT001,2023-08-03 06:58:14.413438,0.38,0.16,0.51,False,True,False,0.37
CALL0788,AGENT3,TEAM4,ENT001,2024-02-10 06:58:14.413438,-0.71,0.23,0.46,True,True,True,0.03
CALL0789,AGENT37,TEAM9,ENT001,2021-03-13 06:58:14.413438,-0.31,0.83,0.5,True,True,False,0.6
CALL0790,AGENT2,TEAM10,ENT001,2021-01-11 06:58:14.413438,-0.45,0.61,0.2,True,True,True,0.77
CALL0791,AGENT21,TEAM9,ENT001,2021-05-17 06:58:14.413438,-0.45,0.4,0.55,False,True,True,0.07
CALL0792,AGENT39,TEAM2,ENT001,2021-01-09 06:58:14.413438,-0.48,0.6,0.94,True,True,True,0.37
CALL0793,AGENT47,TEAM10,ENT001,2019-10-01 06:58:14.413438,0.81,0.72,0.87,False,False,False,0.17
CALL0794,AGENT24,TEAM1,ENT001,2021-11-24 06:58:14.413438,0.67,0.08,0.58,False,False,False,0.85
CALL0795,AGENT20,TEAM10,ENT001,2023-06-07 06:58:14.413438,0.13,0.35,0.73,False,False,False,0.98
CALL0796,AGENT1,TEAM3,ENT001,2020-08-14 06:58:14.413438,0.89,0.74,0.8,False,False,False,0.42
CALL0797,AGENT28,TEAM9,ENT001,2020-09-26 06:58:14.413438,-0.72,0.49,0.69,False,True,True,0.73
CALL0798,AGENT22,TEAM6,ENT001,2023-10-13 06:58:14.413438,-0.46,0.99,0.09,True,True,True,0.95
CALL0799,AGENT17,TEAM2,ENT001,2021-10-15 06:58:14.413438,0.84,0.9,0.77,True,False,True,0.6
CALL0800,AGENT26,TEAM7,ENT001,2020-11-12 06:58:14.413438,-0.34,0.76,0.04,False,True,False,0.43
CALL0801,AGENT6,TEAM6,ENT001,2020-06-29 06:58:14.413438,0.28,0.6,0.89,True,True,True,0.39
CALL0802,AGENT16,TEAM2,ENT001,2020-01-26 06:58:14.413438,-0.99,0.94,0.49,True,False,False,0.97
CALL0803,AGENT15,TEAM1,ENT001,2020-05-22 06:58:14.413438,-0.95,0.16,0.68,True,True,True,0.04
CALL0804,AGENT34,TEAM6,ENT001,2021-07-16 06:58:14.413438,-0.35,0.25,0.89,False,False,False,0.69
CALL0805,AGENT48,TEAM4,ENT001,2022-09-20 06:58:14.413438,0.79,0.49,0.14,True,True,True,0.9
CALL0806,AGENT31,TEAM10,ENT001,2019-10-13 06:58:14.413438,-0.62,0.76,0.14,False,False,False,0.55
CALL0807,AGENT14,TEAM10,ENT001,2024-03-19 06:58:14.413438,-0.65,0.78,0.02,False,True,True,0.17
CALL0808,AGENT22,TEAM10,ENT001,2022-11-20 06:58:14.413438,-0.28,0.02,0.55,True,False,False,0.61
CALL0809,AGENT18,TEAM4,ENT001,2020-12-04 06:58:14.413438,-0.83,0.41,0.02,True,True,True,0.27
CALL0810,AGENT21,TEAM10,ENT001,2019-11-22 06:58:14.413438,-0.75,0.98,0.25,True,False,False,0.9
CALL0811,AGENT39,TEAM7,ENT001,2022-06-30 06:58:14.413438,-0.54,0.39,0.36,True,True,False,0.16
CALL0812,AGENT14,TEAM3,ENT001,2019-10-20 06:58:14.413438,0.55,0.05,0.35,True,True,True,0.41
CALL0813,AGENT45,TEAM1,ENT001,2019-09-06 06:58:14.413438,-0.87,0.05,0.02,True,True,True,0.35
CALL0814,AGENT7,TEAM7,ENT001,2021-08-16 06:58:14.413438,-0.91,0.39,0.82,True,True,True,0.03
CALL0815,AGENT25,TEAM2,ENT001,2020-12-12 06:58:14.413438,-0.24,0.73,0.7,False,False,False,0.86
CALL0816,AGENT39,TEAM8,ENT001,2023-08-07 06:58:14.413438,0.34,0.1,0.89,True,False,False,0.24
CALL0817,AGENT11,TEAM4,ENT001,2021-11-14 06:58:14.413438,-0.74,0.87,0.57,False,True,False,0.92
CALL0818,AGENT28,TEAM10,ENT001,2020-08-26 06:58:14.413438,-0.09,0.14,0.12,False,False,True,0.62
CALL0819,AGENT31,TEAM6,ENT001,2020-07-18 06:58:14.413438,0.33,0.24,0.69,True,True,False,0.79
CALL0820,AGENT15,TEAM6,ENT001,2019-09-27 06:58:14.413438,0.7,0.85,0.09,True,False,True,0.24
CALL0821,AGENT8,TEAM7,ENT001,2021-01-23 06:58:14.413438,-0.22,0.82,0.55,True,True,True,0.48
CALL0822,AGENT9,TEAM9,ENT001,2022-08-01 06:58:14.413438,-0.28,0.41,0.79,False,False,False,0.7
CALL0823,AGENT10,TEAM5,ENT001,2019-06-22 06:58:14.413438,-0.31,0.27,0.25,True,True,True,0.74
CALL0824,AGENT23,TEAM2,ENT001,2019-12-19 06:58:14.413438,-0.89,0.39,0.52,True,True,True,0.1
CALL0825,AGENT23,TEAM8,ENT001,2019-07-03 06:58:14.413438,0.47,0.45,0.83,False,True,True,0.62
CALL0826,AGENT20,TEAM7,ENT001,2022-03-04 06:58:14.413438,-0.83,0.06,0.77,False,True,False,0.48
CALL0827,AGENT48,TEAM8,ENT001,2021-07-09 06:58:14.413438,0.23,0.06,0.64,True,False,True,0.09
CALL0828,AGENT50,TEAM9,ENT001,2022-03-13 06:58:14.413438,-0.27,0.31,0.82,True,False,False,0.08
CALL0829,AGENT22,TEAM4,ENT001,2023-01-11 06:58:14.413438,-0.96,0.9,0.92,False,False,False,0.51
CALL0830,AGENT32,TEAM7,ENT001,2020-02-22 06:58:14.413438,0.54,0.64,0.83,True,True,True,0.05
CALL0831,AGENT35,TEAM4,ENT001,2020-07-15 06:58:14.413438,0.51,0.67,0.74,True,False,True,0.92
CALL0832,AGENT23,TEAM7,ENT001,2021-12-25 06:58:14.413438,-0.88,0.89,0.16,True,False,True,0.2
CALL0833,AGENT1,TEAM10,ENT001,2024-05-08 06:58:14.413438,-0.26,0.32,0.86,True,True,False,0.73
CALL0834,AGENT38,TEAM3,ENT001,2019-06-21 06:58:14.413438,-0.77,0.03,0.16,True,True,False,0.01
CALL0835,AGENT6,TEAM5,ENT001,2023-04-15 06:58:14.413438,-0.83,0.32,0.29,False,True,True,0.06
CALL0836,AGENT20,TEAM4,ENT001,2021-12-05 06:58:14.413438,-0.39,0.73,0.36,False,False,False,0.67
CALL0837,AGENT29,TEAM2,ENT001,2024-02-11 06:58:14.413438,0.31,0.37,0.88,True,False,True,0.65
CALL0838,AGENT33,TEAM5,ENT001,2021-04-17 06:58:14.413438,-0.68,0.49,0.81,False,False,False,0.84
CALL0839,AGENT48,TEAM2,ENT001,2021-04-24 06:58:14.413438,-0.29,0.02,0.81,True,True,False,0.72
CALL0840,AGENT18,TEAM1,ENT001,2022-11-08 06:58:14.413438,0.36,0.54,0.77,True,True,True,0.3
CALL0841,AGENT48,TEAM3,ENT001,2021-05-18 06:58:14.413438,-0.28,0.01,0.61,True,False,True,0.45
CALL0842,AGENT31,TEAM8,ENT001,2020-10-03 06:58:14.413438,0.78,0.03,0.17,True,True,True,0.85
CALL0843,AGENT5,TEAM8,ENT001,2020-03-07 06:58:14.413438,-0.17,0.69,0.62,True,False,True,0.2
CALL0844,AGENT5,TEAM5,ENT001,2023-06-29 06:58:14.413438,0.25,0.7,0.96,True,True,True,0.0
CALL0845,AGENT4,TEAM4,ENT001,2019-08-03 06:58:14.413438,-0.28,0.75,0.32,True,True,False,0.38
CALL0846,AGENT20,TEAM8,ENT001,2022-08-11 06:58:14.413438,0.83,0.86,0.0,True,False,True,0.67
CALL0847,AGENT50,TEAM10,ENT001,2022-03-03 06:58:14.413438,0.16,0.28,0.64,True,True,True,0.39
CALL0848,AGENT44,TEAM5,ENT001,2021-09-28 06:58:14.413438,0.91,0.52,0.99,True,False,False,0.54
CALL0849,AGENT46,TEAM10,ENT001,2021-07-02 06:58:14.413438,-0.9,0.63,0.74,False,True,True,0.85
CALL0850,AGENT45,TEAM1,ENT001,2024-02-14 06:58:14.413438,-0.6,0.93,0.11,True,False,False,0.48
CALL0851,AGENT38,TEAM3,ENT001,2024-01-01 06:58:14.413438,-0.87,0.89,0.23,False,True,False,0.68
CALL0852,AGENT39,TEAM8,ENT001,2024-01-20 06:58:14.413438,-0.41,0.97,0.77,True,True,True,0.52
CALL0853,AGENT28,TEAM6,ENT001,2020-01-22 06:58:14.413438,0.52,0.9,0.63,True,False,True,0.27
CALL0854,AGENT39,TEAM4,ENT001,2021-01-04 06:58:14.413438,0.73,0.39,0.96,True,True,False,0.17
CALL0855,AGENT41,TEAM6,ENT001,2021-03-08 06:58:14.413438,-0.97,0.41,0.46,True,True,True,0.07
CALL0856,AGENT37,TEAM2,ENT001,2021-08-07 06:58:14.413438,-0.21,0.75,0.82,True,True,False,0.16
CALL0857,AGENT4,TEAM10,ENT001,2022-01-27 06:58:14.413438,-0.39,0.82,0.19,True,False,False,0.66
CALL0858,AGENT39,TEAM3,ENT001,2023-05-31 06:58:14.413438,0.15,0.22,0.22,True,True,True,0.66
CALL0859,AGENT36,TEAM10,ENT001,2019-08-08 06:58:14.413438,-0.85,0.42,0.91,False,False,False,0.28
CALL0860,AGENT50,TEAM9,ENT001,2022-07-24 06:58:14.413438,0.52,0.49,0.13,False,True,True,0.48
CALL0861,AGENT35,TEAM4,ENT001,2020-05-10 06:58:14.413438,-0.61,0.76,0.6,True,False,False,0.55
CALL0862,AGENT15,TEAM10,ENT001,2023-05-15 06:58:14.413438,-0.62,0.56,0.74,True,False,True,0.69
CALL0863,AGENT42,TEAM6,ENT001,2022-07-30 06:58:14.413438,0.16,0.36,0.1,False,True,False,0.65
CALL0864,AGENT43,TEAM6,ENT001,2019-10-13 06:58:14.413438,0.4,0.11,0.27,False,False,True,0.37
CALL0865,AGENT29,TEAM9,ENT001,2021-02-23 06:58:14.413438,-0.67,0.07,0.47,False,False,True,0.26
CALL0866,AGENT43,TEAM7,ENT001,2021-04-28 06:58:14.413438,-0.33,0.99,0.95,True,False,True,0.93
CALL0867,AGENT23,TEAM2,ENT001,2020-07-26 06:58:14.413438,0.9,0.44,0.8,False,True,False,0.24
CALL0868,AGENT15,TEAM1,ENT001,2019-12-02 06:58:14.413438,-0.44,0.65,0.31,False,True,False,0.94
CALL0869,AGENT19,TEAM1,ENT001,2022-09-22 06:58:14.413438,-0.7,0.7,0.76,True,True,True,0.75
CALL0870,AGENT29,TEAM3,ENT001,2022-01-05 06:58:14.413438,-0.65,0.9,0.41,True,True,True,0.22
CALL0871,AGENT11,TEAM5,ENT001,2019-10-31 06:58:14.413438,0.31,0.4,0.91,False,False,False,0.36
CALL0872,AGENT16,TEAM5,ENT001,2020-11-21 06:58:14.413438,0.6,0.09,0.29,False,True,True,0.48
CALL0873,AGENT46,TEAM6,ENT001,2019-12-09 06:58:14.413438,-0.43,0.6,0.08,False,False,True,0.41
CALL0874,AGENT23,TEAM2,ENT001,2020-05-06 06:58:14.413438,0.7,0.06,0.13,True,False,True,0.79
CALL0875,AGENT45,TEAM2,ENT001,2020-09-19 06:58:14.413438,0.11,0.24,0.48,True,True,False,0.62
CALL0876,AGENT2,TEAM7,ENT001,2019-05-24 06:58:14.413438,-0.78,0.09,0.58,True,True,True,0.49
CALL0877,AGENT44,TEAM10,ENT001,2023-11-20 06:58:14.413438,-0.98,0.45,0.2,True,False,True,0.73
CALL0878,AGENT42,TEAM2,ENT001,2023-08-23 06:58:14.413438,0.58,0.63,0.97,False,False,False,0.69
CALL0879,AGENT25,TEAM4,ENT001,2020-04-22 06:58:14.413438,-0.62,0.59,0.09,False,False,True,0.74
CALL0880,AGENT35,TEAM4,ENT001,2024-05-16 06:58:14.413438,0.64,0.9,0.73,True,False,False,0.9
CALL0881,AGENT17,TEAM8,ENT001,2024-04-10 06:58:14.413438,-0.69,0.0,0.23,True,True,False,0.07
CALL0882,AGENT30,TEAM2,ENT001,2020-08-30 06:58:14.413438,0.72,0.42,0.48,False,True,True,0.27
CALL0883,AGENT2,TEAM6,ENT001,2021-01-04 06:58:14.413438,-0.38,0.9,0.3,True,True,False,0.35
CALL0884,AGENT21,TEAM4,ENT001,2024-01-13 06:58:14.413438,0.56,0.76,0.32,False,True,True,0.67
CALL0885,AGENT13,TEAM3,ENT001,2021-02-28 06:58:14.413438,-0.87,0.28,0.62,True,True,False,0.4
CALL0886,AGENT28,TEAM1,ENT001,2019-08-08 06:58:14.413438,-0.97,0.61,0.44,False,False,False,0.8
CALL0887,AGENT28,TEAM8,ENT001,2024-02-07 06:58:14.413438,-0.28,0.23,0.79,True,True,True,0.24
CALL0888,AGENT28,TEAM4,ENT001,2023-11-26 06:58:14.413438,-0.64,0.14,0.67,False,True,True,0.18
CALL0889,AGENT47,TEAM8,ENT001,2021-05-23 06:58:14.413438,0.24,0.23,0.86,False,False,False,0.76
CALL0890,AGENT33,TEAM5,ENT001,2021-11-19 06:58:14.413438,-0.61,0.69,0.89,True,False,True,0.85
CALL0891,AGENT41,TEAM4,ENT001,2022-03-02 06:58:14.413438,-0.38,0.46,0.74,True,False,True,0.74
CALL0892,AGENT19,TEAM1,ENT001,2020-11-19 06:58:14.413438,0.44,0.99,0.72,True,False,True,0.87
CALL0893,AGENT17,TEAM3,ENT001,2021-11-11 06:58:14.413438,0.79,0.33,0.04,False,True,False,0.41
CALL0894,AGENT15,TEAM5,ENT001,2022-10-15 06:58:14.413438,0.04,0.4,0.72,True,True,False,0.45
CALL0895,AGENT43,TEAM3,ENT001,2022-10-29 06:58:14.413438,0.33,0.0,0.16,True,False,False,0.56
CALL0896,AGENT9,TEAM1,ENT001,2023-02-08 06:58:14.413438,0.79,0.08,0.7,False,False,True,0.59
CALL0897,AGENT1,TEAM6,ENT001,2022-06-29 06:58:14.413438,0.55,0.32,0.84,True,True,True,0.83
CALL0898,AGENT23,TEAM5,ENT001,2023-06-22 06:58:14.413438,0.35,0.23,0.84,False,False,False,0.31
CALL0899,AGENT40,TEAM10,ENT001,2019-09-12 06:58:14.413438,0.14,0.86,0.26,False,True,True,0.79
CALL0900,AGENT37,TEAM2,ENT001,2021-05-27 06:58:14.413438,-0.64,0.61,0.53,False,False,False,0.12
CALL0901,AGENT16,TEAM4,ENT001,2022-04-06 06:58:14.413438,0.43,0.84,0.07,False,False,False,0.85
CALL0902,AGENT4,TEAM1,ENT001,2023-03-12 06:58:14.413438,0.65,0.59,0.71,False,True,True,0.24
CALL0903,AGENT17,TEAM6,ENT001,2022-02-12 06:58:14.413438,0.43,0.79,0.6,False,False,True,0.72
CALL0904,AGENT32,TEAM10,ENT001,2023-03-12 06:58:14.413438,-0.5,0.68,0.22,True,False,True,0.24
CALL0905,AGENT2,TEAM3,ENT001,2023-12-26 06:58:14.413438,0.79,0.17,0.98,True,False,False,0.78
CALL0906,AGENT41,TEAM2,ENT001,2023-02-18 06:58:14.413438,0.86,0.07,0.81,True,False,True,0.98
CALL0907,AGENT26,TEAM1,ENT001,2021-01-02 06:58:14.413438,0.38,0.59,0.73,False,False,False,0.01
CALL0908,AGENT46,TEAM10,ENT001,2024-01-07 06:58:14.413438,0.99,0.53,0.75,True,True,False,0.41
CALL0909,AGENT4,TEAM1,ENT001,2024-03-31 06:58:14.413438,-0.59,0.54,0.51,False,False,True,0.74
CALL0910,AGENT48,TEAM6,ENT001,2022-04-05 06:58:14.413438,0.46,0.47,0.24,False,False,False,0.58
CALL0911,AGENT43,TEAM3,ENT001,2020-12-07 06:58:14.413438,-0.71,0.32,0.24,True,False,True,0.83
CALL0912,AGENT25,TEAM1,ENT001,2021-12-31 06:58:14.413438,0.86,0.88,0.39,True,True,False,0.9
CALL0913,AGENT48,TEAM6,ENT001,2022-04-23 06:58:14.413438,-0.48,0.83,0.2,True,False,True,0.13
CALL0914,AGENT45,TEAM10,ENT001,2024-03-02 06:58:14.413438,-0.88,0.65,0.75,False,True,True,0.66
CALL0915,AGENT16,TEAM3,ENT001,2020-06-27 06:58:14.413438,-0.03,0.74,0.44,True,False,True,0.43
CALL0916,AGENT36,TEAM9,ENT001,2020-02-24 06:58:14.413438,0.13,0.4,0.29,True,True,True,0.57
CALL0917,AGENT39,TEAM4,ENT001,2022-07-22 06:58:14.413438,0.66,0.74,0.03,False,True,False,0.46
CALL0918,AGENT47,TEAM6,ENT001,2023-11-12 06:58:14.413438,0.54,0.79,0.85,False,True,True,0.25
CALL0919,AGENT9,TEAM8,ENT001,2023-05-05 06:58:14.413438,-0.97,0.88,0.55,False,True,False,0.54
CALL0920,AGENT45,TEAM9,ENT001,2019-11-04 06:58:14.413438,0.39,0.69,0.32,False,True,False,0.7
CALL0921,AGENT3,TEAM9,ENT001,2022-01-18 06:58:14.413438,-0.16,0.97,0.67,True,True,True,0.29
CALL0922,AGENT30,TEAM5,ENT001,2023-02-15 06:58:14.413438,-0.62,0.6,0.85,True,False,False,0.27
CALL0923,AGENT45,TEAM2,ENT001,2020-10-05 06:58:14.413438,-0.49,0.45,0.06,False,False,False,0.65
CALL0924,AGENT27,TEAM4,ENT001,2023-10-04 06:58:14.413438,-0.27,0.88,0.98,True,True,False,0.13
CALL0925,AGENT26,TEAM8,ENT001,2023-05-05 06:58:14.413438,-0.11,0.34,0.91,False,True,False,0.45
CALL0926,AGENT18,TEAM4,ENT001,2021-09-21 06:58:14.413438,0.24,0.01,0.79,False,True,False,0.2
CALL0927,AGENT45,TEAM6,ENT001,2023-07-15 06:58:14.413438,0.99,0.1,0.9,True,False,True,0.73
CALL0928,AGENT38,TEAM7,ENT001,2020-06-11 06:58:14.413438,-0.84,0.75,0.88,False,False,False,0.12
CALL0929,AGENT5,TEAM9,ENT001,2021-03-12 06:58:14.413438,0.46,0.09,0.56,True,False,False,0.89
CALL0930,AGENT46,TEAM1,ENT001,2021-08-31 06:58:14.413438,1.0,0.13,0.48,False,True,False,0.99
CALL0931,AGENT18,TEAM2,ENT001,2020-03-12 06:58:14.413438,-0.83,0.77,0.93,False,True,False,0.87
CALL0932,AGENT32,TEAM8,ENT001,2020-11-10 06:58:14.413438,0.31,0.34,0.78,False,False,True,0.48
CALL0933,AGENT15,TEAM5,ENT001,2023-01-24 06:58:14.413438,-0.37,0.23,0.28,True,True,True,0.73
CALL0934,AGENT35,TEAM10,ENT001,2020-08-04 06:58:14.413438,0.43,0.26,0.44,False,False,True,0.64
CALL0935,AGENT44,TEAM6,ENT001,2022-10-08 06:58:14.413438,0.63,0.79,0.83,True,True,False,0.85
CALL0936,AGENT3,TEAM4,ENT001,2024-03-14 06:58:14.413438,-0.12,0.82,0.95,False,True,True,0.14
CALL0937,AGENT14,TEAM1,ENT001,2023-01-10 06:58:14.413438,-0.93,0.68,0.89,False,False,True,0.19
CALL0938,AGENT27,TEAM9,ENT001,2021-04-03 06:58:14.413438,0.42,0.89,0.6,True,False,False,0.08
CALL0939,AGENT7,TEAM4,ENT001,2021-02-19 06:58:14.413438,-0.43,0.51,0.15,True,False,True,0.71
CALL0940,AGENT17,TEAM5,ENT001,2019-07-15 06:58:14.413438,-0.54,0.45,0.22,True,True,True,0.66
CALL0941,AGENT1,TEAM2,ENT001,2022-01-27 06:58:14.413438,0.67,0.91,0.06,True,False,False,0.45
CALL0942,AGENT50,TEAM3,ENT001,2023-08-20 06:58:14.413438,0.84,0.27,0.37,False,False,False,0.07
CALL0943,AGENT43,TEAM4,ENT001,2020-01-12 06:58:14.413438,-0.63,0.48,0.51,False,False,True,0.98
CALL0944,AGENT30,TEAM8,ENT001,2020-11-07 06:58:14.413438,-0.67,0.52,0.34,False,False,False,0.8
CALL0945,AGENT30,TEAM3,ENT001,2019-11-29 06:58:14.413438,0.03,0.49,0.5,True,False,True,0.21
CALL0946,AGENT49,TEAM3,ENT001,2023-02-18 06:58:14.413438,0.94,0.93,0.7,False,False,False,0.83
CALL0947,AGENT12,TEAM10,ENT001,2023-10-26 06:58:14.413438,-0.98,0.01,0.72,False,True,True,0.83
CALL0948,AGENT21,TEAM10,ENT001,2019-06-05 06:58:14.413438,0.01,0.83,0.26,False,True,True,1.0
CALL0949,AGENT46,TEAM10,ENT001,2023-10-09 06:58:14.413438,0.86,0.15,0.9,True,False,False,0.83
CALL0950,AGENT31,TEAM2,ENT001,2021-04-15 06:58:14.413438,-0.04,0.23,0.66,True,True,True,0.55
CALL0951,AGENT25,TEAM1,ENT001,2023-10-23 06:58:14.413438,-0.47,0.07,0.87,False,False,True,0.02
CALL0952,AGENT6,TEAM3,ENT001,2020-07-29 06:58:14.413438,0.91,0.95,0.69,True,False,True,0.3
CALL0953,AGENT25,TEAM5,ENT001,2023-12-06 06:58:14.413438,0.77,0.71,0.1,True,True,True,0.12
CALL0954,AGENT19,TEAM5,ENT001,2023-08-26 06:58:14.413438,-0.27,0.8,0.2,True,True,False,0.63
CALL0955,AGENT18,TEAM8,ENT001,2020-01-06 06:58:14.413438,0.68,0.81,0.0,False,True,True,0.33
CALL0956,AGENT44,TEAM3,ENT001,2019-12-01 06:58:14.413438,0.75,0.44,0.76,True,False,True,0.17
CALL0957,AGENT41,TEAM10,ENT001,2023-01-11 06:58:14.413438,-0.58,0.26,0.55,True,False,True,0.89
CALL0958,AGENT6,TEAM10,ENT001,2022-09-05 06:58:14.413438,0.91,0.85,0.01,True,True,False,0.49
CALL0959,AGENT43,TEAM2,ENT001,2023-05-03 06:58:14.413438,-0.7,0.82,0.77,True,False,True,0.24
CALL0960,AGENT14,TEAM10,ENT001,2022-05-12 06:58:14.413438,-0.81,0.41,0.62,True,False,True,0.83
CALL0961,AGENT32,TEAM8,ENT001,2020-03-27 06:58:14.413438,0.79,0.35,0.21,True,True,True,0.72
CALL0962,AGENT4,TEAM9,ENT001,2020-11-13 06:58:14.413438,0.72,0.34,0.54,False,True,True,0.9
CALL0963,AGENT10,TEAM3,ENT001,2021-01-15 06:58:14.413438,-0.61,0.36,0.08,True,True,True,0.97
CALL0964,AGENT37,TEAM8,ENT001,2021-12-05 06:58:14.413438,0.27,0.61,0.96,True,True,True,0.97
CALL0965,AGENT16,TEAM5,ENT001,2021-07-06 06:58:14.413438,-0.7,0.06,0.54,False,True,False,0.41
CALL0966,AGENT25,TEAM3,ENT001,2021-09-08 06:58:14.413438,0.78,0.65,0.47,True,False,False,0.77
CALL0967,AGENT29,TEAM8,ENT001,2023-11-11 06:58:14.413438,0.7,0.27,0.27,True,True,False,0.4
CALL0968,AGENT49,TEAM5,ENT001,2020-09-20 06:58:14.413438,-0.36,0.04,1.0,False,False,True,0.86
CALL0969,AGENT12,TEAM9,ENT001,2021-07-01 06:58:14.413438,0.24,0.94,0.86,False,True,False,0.23
CALL0970,AGENT24,TEAM5,ENT001,2021-04-12 06:58:14.413438,-0.07,0.86,0.45,True,False,False,0.34
CALL0971,AGENT10,TEAM10,ENT001,2023-08-18 06:58:14.413438,0.92,0.21,0.93,False,False,True,0.66
CALL0972,AGENT48,TEAM5,ENT001,2019-10-11 06:58:14.413438,0.51,0.35,0.4,True,False,True,0.71
CALL0973,AGENT41,TEAM4,ENT001,2022-07-26 06:58:14.413438,-0.5,0.85,0.77,True,False,True,0.3
CALL0974,AGENT47,TEAM2,ENT001,2020-05-31 06:58:14.413438,-0.38,0.66,0.79,True,True,False,0.2
CALL0975,AGENT4,TEAM5,ENT001,2022-01-02 06:58:14.413438,-0.55,0.43,0.35,True,False,False,0.51
CALL0976,AGENT23,TEAM9,ENT001,2022-03-10 06:58:14.413438,0.88,0.52,0.97,False,False,False,0.63
CALL0977,AGENT31,TEAM3,ENT001,2020-06-14 06:58:14.413438,-0.03,0.17,0.84,True,True,False,0.01
CALL0978,AGENT45,TEAM1,ENT001,2023-06-12 06:58:14.413438,-0.41,0.99,0.24,False,True,True,0.98
CALL0979,AGENT20,TEAM10,ENT001,2020-01-30 06:58:14.413438,-0.3,0.43,0.97,False,False,True,0.83
CALL0980,AGENT17,TEAM7,ENT001,2021-12-06 06:58:14.413438,0.55,0.03,0.47,True,True,True,1.0
CALL0981,AGENT17,TEAM10,ENT001,2022-12-15 06:58:14.413438,-0.63,0.69,0.58,False,True,True,0.11
CALL0982,AGENT32,TEAM7,ENT001,2023-03-20 06:58:14.413438,-0.29,0.7,0.77,True,False,True,0.32
CALL0983,AGENT27,TEAM6,ENT001,2019-09-12 06:58:14.413438,0.59,0.93,0.98,True,True,True,0.3
CALL0984,AGENT22,TEAM9,ENT001,2020-08-26 06:58:14.413438,0.63,0.34,0.05,True,True,True,0.43
CALL0985,AGENT30,TEAM5,ENT001,2020-12-30 06:58:14.413438,0.38,0.16,0.81,False,False,True,0.14
CALL0986,AGENT7,TEAM7,ENT001,2020-03-14 06:58:14.413438,-0.8,0.66,0.93,False,True,True,0.41
CALL0987,AGENT45,TEAM7,ENT001,2023-08-01 06:58:14.413438,0.19,0.64,0.6,False,True,False,0.58
CALL0988,AGENT23,TEAM2,ENT001,2022-11-01 06:58:14.413438,-0.41,0.64,0.89,False,False,False,0.93
CALL0989,AGENT47,TEAM7,ENT001,2019-06-09 06:58:14.413438,-0.59,0.74,0.31,True,False,True,0.77
CALL0990,AGENT16,TEAM8,ENT001,2021-03-06 06:58:14.413438,-0.42,0.41,0.09,True,True,False,0.6
CALL0991,AGENT24,TEAM3,ENT001,2020-11-28 06:58:14.413438,0.81,0.66,0.84,True,False,False,0.65
CALL0992,AGENT15,TEAM2,ENT001,2022-04-22 06:58:14.413438,0.15,0.98,0.01,True,True,False,0.94
CALL0993,AGENT2,TEAM9,ENT001,2019-08-08 06:58:14.413438,0.09,0.95,0.12,True,False,True,0.16
CALL0994,AGENT47,TEAM2,ENT001,2021-02-27 06:58:14.413438,0.5,0.26,0.45,True,True,True,0.95
CALL0995,AGENT9,TEAM9,ENT001,2019-07-09 06:58:14.413438,-0.99,0.49,0.8,False,False,False,0.95
CALL0996,AGENT37,TEAM4,ENT001,2023-08-02 06:58:14.413438,-0.42,0.24,0.15,False,True,False,0.04
CALL0997,AGENT30,TEAM2,ENT001,2019-06-07 06:58:14.413438,-0.77,0.82,0.1,True,False,True,0.85
CALL0998,AGENT9,TEAM1,ENT001,2021-04-21 06:58:14.413438,-0.94,0.58,0.37,True,False,True,0.85
CALL0999,AGENT40,TEAM5,ENT001,2023-07-28 06:58:14.413438,-0.64,0.36,0.36,False,False,False,0.59
